No,제목,작성일,조회,본문
NOTICE,뉴스2데이 [인물탐구] 루마썬팅 김우화 대표 - 수많은 최초신화로 혁신적 마케팅의 위력 입증,2018.09.25,8485,"[ 인물탐구 ] 루마썬팅 김우화
대표 ② 성과 : 수많은 ‘ 최초
신화 ’ 로 혁신적 마케팅의 위력 입증 수많은 ‘최초 신화’ 쓰면서 시장을 키우고 업계 1 위 굳혀 ( 뉴스투데이 = 김성권 기자 ) 똘아이 , 돈키호테 , 이단아 , 무대뽀 , 엉뚱한 놈 , 정신
나간 놈 등…김우화 씨피에프 (CPF) 루마코리아 회장을 따르는 수많은 수식어들이다 . 루마코리아의 전신인 아코상사도 선팅과는 무관해 보이는 ‘한국의 예술이 되자’는 엉뚱한 발상에서 나왔다 . 이러한 수식어들이 꼬리표처럼 따라 붙을 정도로 김 회장은 선팅 업계에서 수많은
‘최초 신화’를 작성했다 . 그 최초 신화야말로 미약한 후발주자가 시장의 파이 자체를 확대하면서
확고부동한 업계 1 위로 자리매김하는 핵심적인 동력이었다 . 자동차 선팅에 브랜드를 입혔고 , TV 광고를 내보낸 것도 업계 최초였다 . 김 회장은 ‘장사하지 말고 마케팅하라’는 말을 입에 달고 다닌다 . 단순히
물건을 많이 팔아 매출을 올리기보단 물건의 가치를 파는 마케팅 경영이 시장에서의 승패를 좌우한다고 판단한 것이다 . 따라서 루마썬팅이라는 업계 1 위의 기업을 배출한 것 못지않게 혁신적 마케팅의 위력을 입증한
것이 김 회장이 거둔 중요한 성과로 평가된다 . 중략~ 원문보러가기 http://www.news2day.co.kr/111255"
NOTICE,뉴스2데이 [인물탐구] 루마틴팅 김우화 대표 - 썬팅업계를 뒤집은 역발상의 승부사,2018.09.23,8398,"[인물탐구] 루마윈도틴팅 김우화 대표 ① 경력: 삼성전자 나와 썬팅업계를 뒤집은 역발상의 승부사 선팅 산업을 창조한 김우화 회장, 4시간의 인터뷰 통해 삶과 희망 그리고 성공을 논해 (뉴스투데이=김성권 기자) 자동차 운전자에게 차량 선팅은 필수적이지만 으레 자동차 출고 시 딜러가 소비자에게 제공하는 부가적인 서비스에 불과했다. “루마에 가면~”, “거봐~ 루마썬팅하길 잘했지!”라는 TV광고 카피가 등장하기 전까지만 했어도 그랬다. 우리나라 선팅필름 업계 1위 기업인 씨피에프(CPF) 루마코리아의 김우화 회장도 필름의 ‘필’자도 몰랐다고 한다. 김 회장은 자동차에 필름을 바른다는 개념조차 없었던 1990년 초반 덜컥 썬팅필름업계에 뛰어들었다. 이후 업계에서 ‘똘아이’ ‘이단아’ ‘돈키호테’ ‘엉뚱한 놈’ ‘정신 나간 놈’이라는 소리를 들으면서 주목을 받기 시작했다. 동시에 ‘루마썬팅’이라는 브랜드가 대중들에게 각인됐다. 한국에서 자동차 선팅 자체가 산업으로 자리잡은 건 김 회장의 ‘마케팅’에서 비롯됐다. 후발주자로 레드오션 시장에 뛰어들었지만 업계 1위로 올라서는 데는 불과 4년밖에 걸리지 않았다. 그가 ‘마케팅의 신’으로 불리는 이유다. 선팅 필름과는 전혀 무관했던 그가 루마썬팅의 회장까지 올라선 계기는 잘 다니던 삼성전자를 뿌리치고 나와서부터였다. 김 회장은 지난 달 28일 루마코리아 사옥에서 기자와 무려 4시간 동안 인터뷰를 가졌다. 장시간 진행된 인터뷰 내내 지친 모습없이 열정적으로 삶의 역정과 꿈 그리고 성공에 대해 논했다. 김 회장은 일류기업인 삼성전자에서 나와 사업에 뛰어든 이유에 대해 솔직하게 답변했다. “가난에 찌들어 살던 어린 시절 우연히 검은 지프에 탄 국회의원이 지라시를 뿌리는 모습이 멋져보여 국회의원이 되고 싶었다. 국회의원이 되려면 능력이 있거나 돈이 많아야 한다고 생각했고, 우선 돈버는 것을 목표로 삼게 됐다” 중략~ 원문보러가기(뉴스2데이) http://www.news2day.co.kr/110357"
NOTICE,[인터뷰기사] 문화일보 골프와 나에 소개된 루마코리아 김우화 대표이사,2018.01.23,8681,"문화일보, 스포츠 - 골프와 나에 소개된 루마코리아 김우화 대표이사 ‘ 선팅 神話 ’ 처럼 5 년만에 언더파 … “ 빈스윙 체크가 실력향상 비결 ” 건강 위해 30 代 초반 골프 시작 독학 1 년여 만에 70 대 打 진입 홀인원 지금까지 4 차례나 경험 KPGA 시니어투어 5 년 후원도 자동차 선팅에 첫 브랜드 도입 연 15 만대 … 27 년간 정상 유지 私財 로 복지재단 15 년째 운영 “ 골프도 일도 똑소리 나야 정상 ” ‘ 루마썬팅 ’ 신화를 일군 김우화 (71) 씨피에프 루마코리아 ㈜ 회장은 마케팅 전도사다 . 2015 년 펴낸 저서 ‘ 나는 어떻게 1 등 브랜드를 만들었는가 ’ 를 통해 “ 개성상인들이 장사는 잘했지만 , 삼성전자나 현대자동차가 될 수 없었던 것은 장사와 마케팅의 차이에서 찾을 수 있다 ” 며 장사하지 말고 마케팅하라는 메시지를 전달하고 있다 . 김 회장은 최근 경기 하남시에 새 사옥을 마련하고 제 2 의 도약을 선언했다 . 새 사옥은 서울 강동구 올림픽공원과 하남시 초입의 외부순환도로 진입로를 지척에 두고 있다 . 지난 6 일 새 사옥 집무실에서 만난 김 회장은 “ 매년 신년은 경북 문경의 미오림 복지재단에서 시작한다 ” 고 귀띔했다 . 신년 사업 구상 발표와 함께 전국 9 개 루마 총판이 마련한 ‘ 사랑의 기금 ’ 전달식 , 그리고 복지재단 시설 견학을 진행했다 . 미오림 복지재단은 김 회장이 나눔을 실천하기 위해 2003 년 9 월 사재를 털어 설립했다 . 김 회장은 노인들을 위한 안락한 요양시설 , 사회 적응이 어려운 장애인을 위한 사회복지사업을 15 년째 펼치고 있다 . 김 회장의 골프 구력은 40 년 가까이 된다 . 김 회장은 삼성전자에 재직하던 1980 년 골프채를 처음 잡았다 . 비즈니스가 아닌 몸 관리를 위해서 골프에 입문했다 . 30 대 초반부터 건강에 신경 쓴 건 1973 년 수술 때문 . 병원에서 쓸개에 이상이 생겼다는 진단을 받았다 . 발병 원인도 몰랐다 . 담석이 생긴 것도 아닌데 구멍이 났고 검사를 해도 뚜렷한 원인을 알 수 없었던 것 . 김 회장은 “ 병명을 찾아내기 힘들었던 시절이었는데 , 참 운이 좋았다 ” 고 말했다 . 김 회장이 해온 모든 일이 그렇듯이 골프 역시 똑소리가 났다 . 골프 구력 5 년이 안 돼 4 언더파 68 타라는 놀라운 스코어를 남겼다 . 실력이 아깝다며 클럽챔피언전이나 아마고수대회에 참가하라는 권유를 많이 받았지만 다 뿌리쳤다 . 김 회장은 “ 골프는 건강을 위해서 하는 운동 ” 이라며 “ 딴생각을 하게 되면 건강에 도움이 되는 운동이 아닌 도구가 된다 ” 고 설명했다 . 원문보러가기 http://sports.news.naver.com/golf/news/read.nhn?oid=021&aid=0002339775"
67,루마 CM송 2편 - 대한민국 3대 마요~ 루마요~,2021.05.27,1581,
66,루마 CM송 1편 - 루마버텍스 SONG,2021.05.27,1733,
65,"2018. 루마 광고 - 로이,로즈 캐릭터 편",2018.01.11,3375,
64,2017. 루마 광고 -서희태 지휘자 편,2018.01.09,2961,
63,2017. 루마 광고 - 김정택 단장 편,2018.01.09,3205,
62,생활속의 루마 (애니메이션),2014.06.17,8052,
61,"루마썬팅 YTN, JTBC, TV조선, MBN TV광고영상",2014.02.27,9810,
60,2013년 (주)씨피에프 한국 루마썬팅필름 홍보동영상,2013.10.16,8565,
59,2013년 (주)씨피에프 한국 루마썬팅필름 홍보동영상 (영어),2013.10.16,7954,
58,(주)씨피에프 한국 루마썬팅필름 홍보동영상 2,2012.10.15,9763,
57,(주)씨피에프 한국 루마썬팅필름 홍보동영상,2012.06.08,8552,
56,[강남서초 내일신문] 앞유리 썬팅으로 건강하고 시원한 여름 예약! 2010년 6월,2011.11.24,9821,"사진 1. 2009년 사진 2. 2010년 1. 앞 유리 썬팅으로 건강하고 시원한 여름 예약 2009-06-10 오전 7:29:03 게재 고성능 루마필름 적자외선 완벽차단, 냉방효과 상승으로 에너지 절감 및 안전도 강화 여름이 되면 누구나 겪는 ‘찜통 같은 차 안’. 숨이 막힐 것 같아 들어가기도 싫고 들어가도 뜨거워서 앉을 수도 없다. 대부분 차를 구입하면 옆 유리를 중심으로 ‘썬팅’이라는 것을 하지만 열 차단은 제대로 되지 않는다는 이야기다. 제대로 된 썬팅이라면 사생활보호는 물론 자외선 차단으로 피부를 보호하며, 열을 포함한 적외선 차단으로는 에너지절감 효과까지 바라볼 수 있어야 한다. 유해광선의 99% 차단 삼성동에 사는 유씨(35)는 유치원생 아이를 둔 주부이다. 한창 더워지는 날씨에 아이를 데리고 차라도 타려면 여간 곤욕스러운 게 아니었다. 더운 날씨에 차안은 이미 찜통이고 그 안에 들어가라고 하면 아이는 자리가 뜨겁다고 운전 중에 서 있곤 했다. 그래서 큰 결심을 하고 전문업체인 루마썬팅에서 앞 유리 썬팅을 하였다. 적외선(열)차단 효과가 75% 이상이라는 소리에 선뜻 결정했는데, 전에 비해 훨씬 차 내부가 시원하고 운전에 방해가 거의 없었다. 이렇게 썬팅 하나 제대로 하고나니 올 여름 아이와의 외출이 겁나지 않았다. ‘썬팅’이라고 해서 모두 똑같은 썬팅이 아니다. 세계적인 윈도우 필름 생산업체인 미국의 CPFlims Inc.에서 제조한 루마필름은 앞 유리 전용 썬팅필름으로 높은 적/자외선 차단효과로 유명하다. 또한 자동차용, 주거용, 상업용 윈도우 필름만을 생산하면서도 OEM 방식이 아닌 미국과 영국에 생산설비를 갖추고 있는 업계최초 ISO9001 인증 회사이기도 하다. 루마썬팅필름의 지정시공전문점인 압구정점 노승구 점장은 “루마 자동차용 필름은 유해한 자외선의 99%이상을 완벽하게 차단하고, 뜨거운 태양열의 50%이상을 차단하여 쾌적하고 편안한 운전을 도와준다”며 “특히 자동차전면유리용 필름은 유입되는 다량의 자외선과 열선을 차단해 에너지 절감 효과도 톡톡히 볼 수 있다”고 강조했다. 차량내부 온도 낮춰 에너지절감 태양광선은 차량내부의 온도를 높이는 원인이다. 자외선의 경우 열은 포함하지 않지만 유해파장으로 피부 손상과 차량 내장물을 탈색, 변색 시킬 수 있으며, 적외선은 열을 포함한 파장으로 차량의 각종 구성부품에 악영향을 줄 수 있다. 따라서 대부분의 차량이 측면과 후면 유리에 썬팅을 하고 있지만 전면유리를 통해 유입되는 자외선과 열선을 차단하지 않으면 반쪽 썬팅이라 말할 수 있다. 노승구 점장은 “루마필름은 일반썬팅에 사용하는 필름 10장을 붙여놓은 것과 같은 효과가 있다. 특히 실내표면 온도 비교 테스트 결과 일반 유리차량과 루마썬팅 부착차량의 온도차는 16℃ 정도 차이가 났다”며 “소비자들이 원하는 적절한 프라이버시도 보호해 주면서도 적외선(열)과 유해자외선을 확실히 차단시키는 고품질 필름으로 물론 운전에도 장애가 없다”고 강조했다. 특히 미국에서는 썬팅용 필름의 사용이 차량에만 국한되지 않고 전시장, 전원주택, 아파트, 상가 등의 전면유리에 사용함으로써 에너지 절감에 큰 비중을 두고 있다. 루마필름을 건물 유리에 부착함으로써 여름에는 실내온도가 많이 올라가지 않으며, 반대로 겨울에는 내부 공기가 쉽게 빠져나가지 않아 에너지절감에 큰 도움이 된다. 또한 거의 색깔이 들어가지 않아 육안으로는 썬팅 유무를 구분하기도 힘들만큼 선명도도 좋다. 노승구 점장은 “특히 차량의 경우 강력한 열 차단 효과로 여름에는 실내 에어컨 사용량을 훨씬 줄 일 수 있다”고 말했다. 강력한 접착력으로 안전성 높여 루마의 자동차용 필름 종류로는 태양열차단필름, 전면유리용 필름, 안전 방호용 필름이 있다. 안전방호용 필름은 일반 윈도우 필름에 비해 아주 강력한 접착력을 가지고 있어 유리의 강도를 10배 이상 높여 준다. 따라서 외부의 심한 충격이나 침입에 안전하게 대처할 수 있으며, 특히 사고 시 유리파편에 의한 부상을 최소화 할 수 있다. 또한 자동차의 경우 태양열의 40% 정도가 전면유리를 통해 유입되기 때문에 강력한 태양열차단 필름을 사용할 경우 네비케이션, GPS, DMB단말기, 휴대폰 등과 같은 전자장비들을 뜨거운 열로부터 보호할수 있다. 장비의 보호 뿐 아니라 이러한 전자장비들의 수신 장애도 최소화 할 수 있다. 노승구 점장은 “루마필름은 비금속, 비전도성 나노신소재의 사용으로 전자장비의 수신 장애 없이 최적의 기능을 발휘한다”며 “가격이 비싸다고 생각할 수 있지만 안전도 강화, 강력한 열차단으로 효과적인 냉난방, 자외선차단으로 웰빙이 보장되는 기능성 썬팅이라 할 수 있다”고 강조했다. 문의 (02)540-5800, www.llumar.co.kr 김미성 리포터 miskim98@hanmail.net 2. 차와 운전자는 일심동체! 아끼고 사랑해야~ 자동차 용품의 올바른 선택과 정밀시공 가능한 전문업체 선택은 필수 2010-06-01 오후 2:01:32 게재 이제 자동차는 생활필수품으로 우리 삶과 매우 밀접해졌다. 차테크란 말이 있을 정도로 자동차를 자산으로 생각하며 차 구입부터 타는 동안 최소비용으로 최대효과를 내려고 고심한다. 차는 사람이 관리하기에 따라 오랫동안 새 차처럼 탈수도 있으며 차의 기능에 따라 사람의 안전이 보장되기도 한다. 자동차에 선팅과 코팅을 하는 것은 자동차 수명을 늘리는 일이며 운전자의 안전과 건강을 지키는 일이기도 하다. 30년간 자동차 용품과 차 관리 서비스 분야에서 전문적인 기술을 보유하고 있는 (주)차크린. 지난해 압구정점에 이어 올해는 대치동 은마아파트 부근에 대치점을 열었다. 이곳에 효율적으로 코팅과 선팅을 할 수 있는 방법에 대해 자문을 구해보자. 자외선 차단의 필수품 ‘선팅’ 선팅은 외부에서 차 내부가 보이지 않게 하는 효과 외에도 불의의 사고에 유리가 깨져도 강한 인장력으로 유리파편 때문에 생기는 2차 사고의 피해를 줄인다. 자외선 차단으로 운전자와 동승자의 피부를 보호하고 차 내부의 변색도 막는다. 가시광선을 막아 야간 운전을 할 때 눈부심을 막아주며 단열효과로 여름철 차량 내부 온도를 6~7도 가량 낮춰 에어컨 가동 시간도 줄이고 쾌적하게 운전할 수 있게끔 해주기도 한다. 차크린에서 시공하는 ‘루마 자동차용 윈도우 필름’은 수입품으로 자외선을 99%, 태양열의 50% 이상을 차단한다. 특히 전면 유리용 필름인 루마윈콜은 99.9%의 자외선을 완벽하게 차단하고 뜨거운 열선차단으로 실내공간을 쾌적하게 해준다. 시야의 선명도가 우수해 야간 운전이나 비가 올 때도 안전하게 운전을 할 수 있다. 강력한 접착력으로 유리가 파손되어도 파편의 비산방지가 가능하다. 내비게이션이나 휴대폰의 전파 수신 장애가 없어 편리하다. 선팅 시공 시간은 앞 유리는 1시간~1시간 30분 옆과 후면 유리는 2~3시간 정도 소요된다. 비용은 제품에 따라 다소 차이는 있으나 앞 유리 25만원 내외, 옆과 후면 유리 19~52만원  선이다. 저가용 선팅은 차량과 인체에 피해줘 선팅은 운전자가 선팅 필름을 선택하고 시공을 결정하는 것보다 차를 구입할 때 차 판매 사원에게 선물로 받은 경우가 많다. 그래서 대부분의 운전자는 선팅 필름에 대해 아는 바가 없다. 차크린 노왕호 대표는 “저가 제품으로 선팅을 하면 자외선과 열차단율이 현저히 떨어지며 저가용 선팅을 할 때 사용하는 접착제 역시 품질이 낮아 재시공을 하기 위해 뒤 유리 선팅필름을 제거할 때 열선이 훼손되기도 한다”면서 “차량 구입만큼이나 선팅 필름 재질에 대해  신중하게 선택해야한다”고 강조했다. 물 세차만으로 광택 유지하는 반영구 코팅 차는 탈수록 아무리 세차를 열심히 해도 빛이 나지 않고 뿌옇게 변한다. 아직도 지하 주차시설이 없는 강남의 아파트에 세워둔 차량은 산성비, 눈, 바람, 제설제 등에 노출되어 있는 시간이 많아 부식은 계속 진행된다. 또한 새똥, 꽃가루 등이 차 표면에 떨어지면 차가 변색되고 자동 세차를 할 때 차 표면에 잔 흠집이 생기기도 한다. 또 시간이 흐르면서 차의 광택도 사라진다. 자동차에 유리막을 입히는 신개념 코팅인 ‘쿼츠 글라스 코팅(Quartz Glass Coating)’은 차 표면에 고경도의 유리막을 형성하는 코팅으로 일명 유리막 코팅으로 불린다. 이 방식에 쓰이는 소재는 일본에서 개발된 최첨단 신소재로 코팅 할 때 페인트 보호는 물론이고 광택도 반영구적으로 유지시킨다. 또한 오염물질의 부착을 근본적으로 방지하고 물 세차만으로도 항상 신차와 같은 광택을 유지시킨다. 쿼츠 글라스 코팅은 기본적으로 친수성을 갖고 있어 세정제 없이 세정이 가능하 고 스프레이 분무만으로 코팅이 가능하므로 넒은 범위를 손쉽게 시공할 수 있다. 특히 스프레이 도장으로 자동차 차체의 구석구석까지 코팅이 가능하다. 노 대표는 “별도의 접착물질 없이 표면에 직접 유리막을 형성하므로 반영구적으로 코 팅효과가 지속될 수 있다”면서“차를 보통 3~5년 정도 탄다고 볼 때 5년 정도는 유지된다”고 설명한다. 이 코팅의 효과로는 정전기 방지 및 표면개선 효과와 먼지, 오염물질 등이 묻는 것을 방지하며 세차나 고속 주행 시에 발생하는 스크래치도 막을 수 있다. 산성비, 새똥, 제설제 등에 의한 변색이나 부식도 방지되며 직사광선으로 인한 페인트 탈색이나 변색도 막을 수 있다. 작업시간은 새 차는 3~4시간, 3년 이내의 중고차는 4~5시간 소요된다. 오전에 맡기는 차는 대게 오후에 찾아갈 수 있다. 비용은 40만원~80원 선으로 차종에 따라 차등이 있다. 문의 차크린 대치점(02)552-9100 압구정점(02)540-5800 이희수리포터naheesoo@dreamwiz.com"
55,[월간 와인] 2010년 10월호에 실린 기사,2011.11.24,8638,
54,[동아 리빙홈 기사]  루마필름 코리아-고품격 틴팅시장 호령 (2010년),2011.11.24,5572,
53,루마 DMB광고 2편,2011.11.15,5351,
52,루마 DMB광고 1편,2011.11.15,5349,
51,자동차 잡지에 실린 루마썬팅필름 기사 2009년7월31일,2011.11.15,6301,
50,"[보도자료] 루마버텍스 새로운 TV-CF [루마썬팅, 드라이빙을 지휘하다] 광고모델에 베토벤 바이러스 서희태 선정",2017.07.27,4449,"베토벤 바이러스 실제모델 서희태, 프리미엄 썬팅 `루마 버텍스` 광고모델로 선정 베토벤 바이러스 실제모델 서희태 , 프리미엄 썬팅 ` 루마 버텍스 ` 광고모델로 선정 지휘자 서희태가 프리미엄 자동차 썬팅필름인 루마 버텍스의 광고모델로 선정됐다 . 루마코리아는 26 일 루마 프리미엄 썬팅필름 버텍스 시리즈의 광고모델로 베토벤 바이러스 강마에 실제모델인 유명 지휘자 서희태를 선정하고 새로운 캠페인을 선보인다고 밝혔다 . 이번 광고는 "" 루마 썬팅 , 드라이빙을 지휘하다 "" 라는 콘셉트로 개편되었다 . 서희태는 특유의 카리스마 넘치는 지휘로 최적화된 드라이빙을 제공하는 루마 버텍스의 시인성 , 안전성 , 차단성능의 우수성을 알린다 . 루마 프리미엄 선팅필름 버텍스 시리즈 출시로 많은 운전자가 열 차단과 자외선차단을 통해 뜨거운 여름에도 쾌적하고 편안한 운전환경을 제공 받을 수 있게 된다 . 신기술 나노융합 테크놀로지가 적용되어 뛰어난 성능과 함께 탁월한 시인성을 자랑하는 제품이다 . 버텍스 900, 700, 650, 600, 500 등 5 가지 모델 중에서 고객의 카 라이프스타일 , 주행 환경 , 고객의 선호도에 따라 선택이 가능하며 루마 버텍스 인증점을 통해서 시공 서비스가 진행될 예정이다 . 업체 측은 "" 지휘자가 모든 악기와 연주자를 조율하여 멋진 하모니를 완성하듯 루마 버텍스는 어떤 차종이든 관계없이 차량 유리에 일체감을 부여하는 제품이다 . 최적의 드라이빙 환경을 만들어주는 데에 기여한다 "" 라며 ""고객들이 더욱 좋은 품질의 루마버텍스 썬팅을 경험할 수 있기를 바란다 "" 고 전했다 . http://news.naver.com/main/read.nhn?mode=LSD&mid=sec&sid1=001&oid=029&aid=0002414602"
49,"[보도자료] 썬팅 필름 업계 1위 루마코리아, 2017 루마 총판 해외 워크샵 개최",2017.04.10,4262,"보도자료 썬팅 업계 1 위 루마코리아 , 2017 루마 총판 해외 워크샵 개최 자동차 썬팅과 건물 단열필름으로 유명한 루마코리아 ( 대표이사 김우화 ) 는 최근 해외 워크샵을 진행했다고 밝혔다 . 루마코리아는 루마썬팅이 한 단계 더 도약하기 위해 새롭게 구성된 전국 9 개 총판대표들과 함께 2 박 3 일 일정으로 이번 워크샵을 추진했다 . 본사 임직원과 전국 9 개 총판은 워크샵에서 새롭게 출시하는 루마의 프리미엄 자동차 틴팅 필름인 버텍스 시리즈를 통해 ‘ 뉴 스타트 940’ 프로젝트를 달성하고 , 더욱 진화된 서비스를 통해 고객 감동과 고객 만족을 실천하자는 의지를 불태웠다 . ( 사진 ) 루마코리아는 전국 9 개 총판과 함께 해외 워크샵을 실시했다 . 루마코리아 김우화 대표는 전국 총판의 노고를 격려하는 자리에서 “ 루마선팅이 국내시장에서 20 여 년간 줄곧 정상의 자리에 위치할 수 있었던 이유는 총판 대표들의 열정과 노력이 함께 있었기에 가능했다 . 이번 워크샵은 새롭게 구성된 전국 9 개 총판 대표들과 본사 임직원이 함께 루마썬팅의 도약을 다짐하는 자리여서 의미가 있는 시간이었다 . 루마는 올 한해 전국의 500 여 루마썬팅 전문점과 총판 , 그리고 본사가 모두 함께 상생하는 자동차 썬팅 업계 새로운 역사를 만들 수 있도록 적극적으로 노력하겠다 “ 고 밝혔다 . 한편 루마코리아는 ‘ 뉴 스타트 940’ 이라는 슬로건과 함께 , 이번 4 월에 세계최초 신기술이 적용되면서 가성비를 앞세운 프리미엄 자동차썬팅 필름 ‘ 루마 버텍스 (Vertex) ’ 시리즈를 새롭게 출시한다 . 루마 신제품 버텍스 시리즈는 900, 700, 650, 600, 500 등 5 가지 제품 중에서 고객의 니즈와 카라이프 스타일 , 환경에 따라 선택이 가능하다 ."
48,문콕방지 보호필름...루마PPF필름 / 동아일보 토요이슈보도내용,2016.07.14,7322,"동아일보 [토요이슈]보호 필름으로 차체 감싸고… ‘문콕’ 방지 패드-센서 붙이고 전문생략... 같은 날 오후 경기 성남시에 있는 루마 PPF 지점에서는 BMW 의 최고급 세단인 7 시리즈 차량에 보호용 필름인 ‘PPF(Paint Protection Film)’ 를 씌우는 작업이 한창 진행 중이었다 . 이곳의 채선병 실장은 “ 슈퍼카 등 고급 외제차 소유주가 주 고객이지만 , 최근에는 국산차 소유주들도 많이 찾고 있다 ” 며 “ 입소문과 인터넷을 통해 알려지면서 지난해보다 손님이 3 배는 더 많아진
것 같다 ” 고 말했다 . 고객 지창원 씨 (34) 는 “ 전에 샀던 차에도 PPF 를
씌웠는데 2 년쯤 지나 필름을 벗겨 보니 차 표면 상태는 그대로였다 . 보호
효과가 확실한 전문생략... 새로 산 매끈한 스마트폰 액정을 그대로 유지하기 위해 보호필름을 붙여 본 경험은 대부분의 사람에게 있을 것이다 . 필름을 붙이면서 중간에 기포가 생기는 것을 막기 위해 어느 정도 돈을 주고 전문 휴대전화 가게에 필름 붙이는
일을 맡겨 본 사람도 있을 것이다 . 자동차 역시 필름으로 감쌀 수 있다 . 최근 튜닝문화의 핵심으로 떠오른 ‘PPF’ 가 대표적이다 . 훼손이 잘되지 않는 폴리우레탄 재질의 필름을
차 전체에 씌워 차 겉면을 오염물이나 생채기 등으로부터 보호하는 것이다 . PPF 는 유리창을 제외한 차 어느 곳이나 씌울 수 있어서 비싼 헤드라이트나
크롬 몰딩 ( 차 옆문이나 범퍼 등에 붙이는 길쭉한 크롬 재질의 장식물 ) 까지도
보호할 수 있다 . 이렇게 씌워진 PPF 는 먼지와 모래 , 곤충 , 염화칼슘처럼 도로에서 생기는 오염물질로부터 차를 보호한다 . 단지 미세한 오염이나 긁힘으로부터 차를 보호할 뿐만 아니라 자외선에 의한 황변을 막아주고 , 높은 투명도와 광택으로 차를 더 반짝이게 해주기도 한다 . 승용차
한 대 외부 전체를 다 씌우는 데 3 일 정도 걸리는데 , 최근에는
부분적으로만 씌우는 경우도 많다 . 업체나 필름 종류에 따라 가격이 정해지는데 약 300 만 ∼500 만 원 수준이다 ."
NOTICE,뉴스2데이 [인물탐구] 루마썬팅 김우화 대표 - 수많은 최초신화로 혁신적 마케팅의 위력 입증,2018.09.25,8486,"[ 인물탐구 ] 루마썬팅 김우화
대표 ② 성과 : 수많은 ‘ 최초
신화 ’ 로 혁신적 마케팅의 위력 입증 수많은 ‘최초 신화’ 쓰면서 시장을 키우고 업계 1 위 굳혀 ( 뉴스투데이 = 김성권 기자 ) 똘아이 , 돈키호테 , 이단아 , 무대뽀 , 엉뚱한 놈 , 정신
나간 놈 등…김우화 씨피에프 (CPF) 루마코리아 회장을 따르는 수많은 수식어들이다 . 루마코리아의 전신인 아코상사도 선팅과는 무관해 보이는 ‘한국의 예술이 되자’는 엉뚱한 발상에서 나왔다 . 이러한 수식어들이 꼬리표처럼 따라 붙을 정도로 김 회장은 선팅 업계에서 수많은
‘최초 신화’를 작성했다 . 그 최초 신화야말로 미약한 후발주자가 시장의 파이 자체를 확대하면서
확고부동한 업계 1 위로 자리매김하는 핵심적인 동력이었다 . 자동차 선팅에 브랜드를 입혔고 , TV 광고를 내보낸 것도 업계 최초였다 . 김 회장은 ‘장사하지 말고 마케팅하라’는 말을 입에 달고 다닌다 . 단순히
물건을 많이 팔아 매출을 올리기보단 물건의 가치를 파는 마케팅 경영이 시장에서의 승패를 좌우한다고 판단한 것이다 . 따라서 루마썬팅이라는 업계 1 위의 기업을 배출한 것 못지않게 혁신적 마케팅의 위력을 입증한
것이 김 회장이 거둔 중요한 성과로 평가된다 . 중략~ 원문보러가기 http://www.news2day.co.kr/111255"
NOTICE,뉴스2데이 [인물탐구] 루마틴팅 김우화 대표 - 썬팅업계를 뒤집은 역발상의 승부사,2018.09.23,8399,"[인물탐구] 루마윈도틴팅 김우화 대표 ① 경력: 삼성전자 나와 썬팅업계를 뒤집은 역발상의 승부사 선팅 산업을 창조한 김우화 회장, 4시간의 인터뷰 통해 삶과 희망 그리고 성공을 논해 (뉴스투데이=김성권 기자) 자동차 운전자에게 차량 선팅은 필수적이지만 으레 자동차 출고 시 딜러가 소비자에게 제공하는 부가적인 서비스에 불과했다. “루마에 가면~”, “거봐~ 루마썬팅하길 잘했지!”라는 TV광고 카피가 등장하기 전까지만 했어도 그랬다. 우리나라 선팅필름 업계 1위 기업인 씨피에프(CPF) 루마코리아의 김우화 회장도 필름의 ‘필’자도 몰랐다고 한다. 김 회장은 자동차에 필름을 바른다는 개념조차 없었던 1990년 초반 덜컥 썬팅필름업계에 뛰어들었다. 이후 업계에서 ‘똘아이’ ‘이단아’ ‘돈키호테’ ‘엉뚱한 놈’ ‘정신 나간 놈’이라는 소리를 들으면서 주목을 받기 시작했다. 동시에 ‘루마썬팅’이라는 브랜드가 대중들에게 각인됐다. 한국에서 자동차 선팅 자체가 산업으로 자리잡은 건 김 회장의 ‘마케팅’에서 비롯됐다. 후발주자로 레드오션 시장에 뛰어들었지만 업계 1위로 올라서는 데는 불과 4년밖에 걸리지 않았다. 그가 ‘마케팅의 신’으로 불리는 이유다. 선팅 필름과는 전혀 무관했던 그가 루마썬팅의 회장까지 올라선 계기는 잘 다니던 삼성전자를 뿌리치고 나와서부터였다. 김 회장은 지난 달 28일 루마코리아 사옥에서 기자와 무려 4시간 동안 인터뷰를 가졌다. 장시간 진행된 인터뷰 내내 지친 모습없이 열정적으로 삶의 역정과 꿈 그리고 성공에 대해 논했다. 김 회장은 일류기업인 삼성전자에서 나와 사업에 뛰어든 이유에 대해 솔직하게 답변했다. “가난에 찌들어 살던 어린 시절 우연히 검은 지프에 탄 국회의원이 지라시를 뿌리는 모습이 멋져보여 국회의원이 되고 싶었다. 국회의원이 되려면 능력이 있거나 돈이 많아야 한다고 생각했고, 우선 돈버는 것을 목표로 삼게 됐다” 중략~ 원문보러가기(뉴스2데이) http://www.news2day.co.kr/110357"
NOTICE,[인터뷰기사] 문화일보 골프와 나에 소개된 루마코리아 김우화 대표이사,2018.01.23,8682,"문화일보, 스포츠 - 골프와 나에 소개된 루마코리아 김우화 대표이사 ‘ 선팅 神話 ’ 처럼 5 년만에 언더파 … “ 빈스윙 체크가 실력향상 비결 ” 건강 위해 30 代 초반 골프 시작 독학 1 년여 만에 70 대 打 진입 홀인원 지금까지 4 차례나 경험 KPGA 시니어투어 5 년 후원도 자동차 선팅에 첫 브랜드 도입 연 15 만대 … 27 년간 정상 유지 私財 로 복지재단 15 년째 운영 “ 골프도 일도 똑소리 나야 정상 ” ‘ 루마썬팅 ’ 신화를 일군 김우화 (71) 씨피에프 루마코리아 ㈜ 회장은 마케팅 전도사다 . 2015 년 펴낸 저서 ‘ 나는 어떻게 1 등 브랜드를 만들었는가 ’ 를 통해 “ 개성상인들이 장사는 잘했지만 , 삼성전자나 현대자동차가 될 수 없었던 것은 장사와 마케팅의 차이에서 찾을 수 있다 ” 며 장사하지 말고 마케팅하라는 메시지를 전달하고 있다 . 김 회장은 최근 경기 하남시에 새 사옥을 마련하고 제 2 의 도약을 선언했다 . 새 사옥은 서울 강동구 올림픽공원과 하남시 초입의 외부순환도로 진입로를 지척에 두고 있다 . 지난 6 일 새 사옥 집무실에서 만난 김 회장은 “ 매년 신년은 경북 문경의 미오림 복지재단에서 시작한다 ” 고 귀띔했다 . 신년 사업 구상 발표와 함께 전국 9 개 루마 총판이 마련한 ‘ 사랑의 기금 ’ 전달식 , 그리고 복지재단 시설 견학을 진행했다 . 미오림 복지재단은 김 회장이 나눔을 실천하기 위해 2003 년 9 월 사재를 털어 설립했다 . 김 회장은 노인들을 위한 안락한 요양시설 , 사회 적응이 어려운 장애인을 위한 사회복지사업을 15 년째 펼치고 있다 . 김 회장의 골프 구력은 40 년 가까이 된다 . 김 회장은 삼성전자에 재직하던 1980 년 골프채를 처음 잡았다 . 비즈니스가 아닌 몸 관리를 위해서 골프에 입문했다 . 30 대 초반부터 건강에 신경 쓴 건 1973 년 수술 때문 . 병원에서 쓸개에 이상이 생겼다는 진단을 받았다 . 발병 원인도 몰랐다 . 담석이 생긴 것도 아닌데 구멍이 났고 검사를 해도 뚜렷한 원인을 알 수 없었던 것 . 김 회장은 “ 병명을 찾아내기 힘들었던 시절이었는데 , 참 운이 좋았다 ” 고 말했다 . 김 회장이 해온 모든 일이 그렇듯이 골프 역시 똑소리가 났다 . 골프 구력 5 년이 안 돼 4 언더파 68 타라는 놀라운 스코어를 남겼다 . 실력이 아깝다며 클럽챔피언전이나 아마고수대회에 참가하라는 권유를 많이 받았지만 다 뿌리쳤다 . 김 회장은 “ 골프는 건강을 위해서 하는 운동 ” 이라며 “ 딴생각을 하게 되면 건강에 도움이 되는 운동이 아닌 도구가 된다 ” 고 설명했다 . 원문보러가기 http://sports.news.naver.com/golf/news/read.nhn?oid=021&aid=0002339775"
47,루마PPF필름...자동차 흠집 방지 필름 소개(2016 서울오토살롱),2016.07.14,6894,YTN에 소개된 루마 PPF필름 영상입니다. 2016 서울오토살롱에 전시참가한 루마썬팅의 자동차페인트프로텍션 PPF필름에 관한 내용이 보도되었습니다. 바로가기 링크하시면 보도내용이 연결됩니다. 5천억 튜닝시장 ... 흠집막고 스마트기기 연동해 쓴다
46,"글로벌 자동차썬팅 1위 브랜드 루마썬팅, 2016 서울오토살롱 터줏대감",2016.07.08,6783,"[2016 서울오토살롱 ] 오토살롱
터줏대감 루마썬팅 , "" 튜닝 산업 아직 걸음마 단계 "" 관련기사 바로가기 [아시아경제신문] 7 일 자동차 썬팅 필름 제조업체 루마코리아가 서울시 삼성동 코엑스에서
열린 2016 서울오토살롱에 참가해 튜닝 산업의 방향을 제시했다 . 이날 김승양 루마코리아 전무이사는 “ 국토교통부와 산업통상자원부에 흩어져
있는 튜닝 관련 협회를 통합해서 아직까지 걸음마 단계인 튜닝 산업을 활성화할 필요가 있다 ” 고 말했다 . 루마썬팅은 미국의 화학업체 이스트만 (EASTMAN) 사의 윈도우 필름
브랜드로 , 차량 선팅필름 분야에서 세계 점유율 1 위를 차지하고
있다 . 한국에는 2002 년 12 월 시공 1 호점을 런칭한 후 현재는 전국 480 여개 , 서울 120 여개의 대리점을 운영하고있다 . 2014 년부터는 건물 선팅 필름도 생산하고 있다 . 이번 전시회에서도 15 개의 부스에서 건물선팅 제품을 전시했다 . 풍성한 체험 이벤트도 준비돼 있다 . 자동차부스에서는 전시기간 내내
람보르기니 , 포르쉐 등 자동차와 사진을 찍을 수 있는 포토타임이 진행된다 . 9 일 오후에는 루마필름 · 드레스 패션쇼 , 플래시몹 콘서트 , 성악 공연이 열린다 . 이어 10 일 오후에는 레이싱복 패션쇼와 루마필름 패션쇼가 이어진다 . 자동차 · 건물 선팅에 대한 창업 · 시공상담
부스도 마련된다 . 김우화 루마코리아 대표이사는 “ 루마썬팅이 1 회 오토살롱부터 참가하고 있는데 , 올 때마다 새로움을 느낀다 ” 고 소감을 말했다 ."
45,루마썬팅 뉴PPF필름 교육 기사 안내,2016.04.06,7230,
44,"미오림 설립  10주년 기념 행사 -2013.10.11일자 브레이크 뉴스,GBN경북 방송 기사",2013.10.16,13420,"이날 행사는 문경시 마성면 외어리에 위치한 ""사회복지법인 미오림복지재단""이   2013년 10월 10일 미오림복지재단 복지시설 잔디광장에서 재단법인 산하 직원 및 가족 200여명이 참석한 가운데 법인설립 10주년 기념 ‘미오림 가족의 밤’ 행사를 가졌다. 본 행사는 ‘문경사랑 10년 따뜻하고 행복한 미오림 가족’이란 주제로미오림복지재단 10주년 회고 및 평가회와 그동안 수고한 관계자 및 직원들의 노고를 치하하고 가족간의 화합을 도모하기 위해 마련됐다. 특히 김우화 미오림복지재단 이사장은 그동안 미오림 복지재단의 발전에 많은 도움을 준 문경시에 감사드리며, 지역인재 양성에 써 달라며 2천만원의 장학기금을 문경시장학회에 전달했다. 이에 고윤환 문경시장은 어려운 환경에서도 지역사회 복지서비스 향상에 애쓰고 있는 미오림복지법인에 감사드리며, 이번 행사를 계기로 복지시설에 대한 이미지 제고와 행정기관과 시설이 더불어 함께하는 사회분위기를 조성하고, 복지사회 구현에 앞장섬으로써 더불어 살아가는 살기좋은 복지문경을 건설할 수 있을 것이라고 강조하며, 장학금을 기부해 주신데 대해 깊은 감사의 뜻을 전했다. 2013.10.11 브레이크 뉴스  김형만 기자  원본 기사 보기: 브레이크대구경북 GBN 경북 방송 김동현 기자"
43,골프 헤럴드 2013년 9월호  루마 버텍스 전면 광고,2013.09.11,11434,
42,"홈플러스, 브랜드 기프트카드 4종 추가 런칭-2013년 8월5일 아시아 경제 신문",2013.09.06,19152,"[아시아경제 이초희 기자]홈플러스가 브랜드 기프트카드 4종을 추가로 선보인다고 5일 밝혔다. 홈플러스는 지난 해 10월부터 국내 대형마트 최초로 타사 브랜드 기프트카드를 판매하고 있다. 카드 구매 시 판매금액을 충전하는 POSA 방식을 도입해 게임, 외식, 커피, 영화 등 브랜드 기프트카드를 선보이고 있으며   이번에 틴캐시, 아웃백, 미투디스크, SKT국제전화카드 등 총 4종을 추가로 판매한다. 권종은 브랜드마다 차이가 있으나 최소 5천 원권부터 15만 원권까지 다양하다. 단, SKT국제전화카드는 서울, 경기, 인천 소재 점포에서만 판매된다. http://www.asiae.co.kr/news/view.htm?idxno=2013080505550317134"
41,제17회 루마썬팅배 KPGA시니어 선주권 대회- 골프 헤럴드 2013년7월호,2013.09.06,11201,제17회 루마썬팅배 KPGA시니어 선주권 대회 (2013년 6월26~27일  무능산cc) 골프 헤럴드 2013년 7월 기사 시니어 부분 김종덕 프로우승/ 그랜드 시니어 부분 문춘복 프로 우승.
40,루마 썬팅제 178회  KPGA 골프 조인식 소식- 아시아 경제 2013년 3월29일 신문,2013.09.06,11185,"㈜씨피에프 루마코리아가 KPGA시니어선수권의 공식 타이틀스폰서를 맡았다 . 한국프로골프협회(KPGA)는 28일 일산 킨텍스에서 조인식을 갖고 오는 6월26일부터 이틀간 전남 화순 무등산골프장에서 루마썬팅배 KPGA시니어선수권을 개최한다고 전했다. 총상금 1억3000만원 규모다. 김우화 루마코리아 회장(사진 왼쪽에서 세번째)은 ""KPGA의 가장 권위있는 시니어대회를 후원하게 돼 영광""이라며 ""물심양면 지원을 아끼지 않겠다""고 했다. J골프 에서 전 라운드를 생중계한다. 아시아 경제- 골프팀 손은정 기자"
39,"스포츠 조선, 머니투데이  루마썬팅 2013년 오토모티브위크 참가 기사",2013.09.02,11143,"2013 서울 모터쇼 개막 이틀째인 30일, 이와 동시에 개최되고 있는 오토모티브위크 애프터마켓특별관에 자리한 모터스포츠 특별관(주관 지피코리아)이 관람객 인파로 가득차 문전성시를 이뤘다. 모터스포츠 특별관에는 완성차 부스에선 볼 수 없는 슈퍼GT카와 레이싱카 등 모터스포츠 차량 총 15대와 함께 모터스포츠 관련 분위기를 뿜어내며 스피드 마니아 관람객의 눈길을 사로잡았다. 관람객들은 레이싱 모델과 함께 사진촬영을 하고 카트와 레이싱카를 직접 타보기도 하면서 즐거운 시간을 보내는가 하면 인제오토피아의 김동은 선수 팬사인회에 많은 팬들이 사인을 받기 위해 길게 줄지어서는 진풍경을 만들기도 했다. -스초츠 조선 루마썬팅필름은 오는 3월 28일부터 31일까지 고양킨텍스에서 진행되는 자동차 애프터마켓 전문 전시회 ‘2013 오토모티브위크 (Automotive Week 2013)'에 참가해 자동차 전문 썬팅 신제품 및 건축용 필름, PPF(Paint Protection Film)등을 선보일 예정이다. 루마썬팅은 세계최고의 필름 제조사인 미국 솔루시아 사로부터 공급받은 브랜드로서, 국내에서도 널리 알리 알려진 썬팅 필름브랜드로 알려져 있다. 루마썬팅필름은 이번 전시회를 통해, 미국 본사로부터 한국독점공급인증을 받은 4종 신제품 (버텍스, 라티튜드, 시리우스, 아티젠)을 홍보함과 동시에 , 병행 및 가품 소비자 피해 사례에 대해서도 소비자에게 알릴 계획이다. 루마썬팅 관계자는 “지난해 정품확인이 확실한 한국 독점공급브랜드가 입고됨으로써, 제픔에 대한 소비자들의 신뢰도 상승할 것이며, 보다 합리적인 가격에 다양한 제품을 국내 소비자들이 접할 수 있도록 전시회에 다양한 제품을 선보이고자 한다”고 전했다. 루마썬팅은 오토모티브위크를 통해 주력 제품인 4종 제품 이외에도, 3월 런칭 예정인 건축용필름을 홍보할 예정이며 레이싱 전용필름, 여성운전자를 위한 썬팅 필름도 선보일 예정이다. 이밖에 페인트 프로텍션 필름, 차량용 유리막 발수코팅제인 쉴드런도 함께 전시한다. 특히 이번 전시회에서는 업계최초로 틴팅 맞춤 코디네이터 제도가 소개될 예정이어서, 발표내용에도 관심이 집중되고 있다. 한편 루마썬팅은 제품홍보 이외에도 틴팅대회 국내대회 예비 선발전인 ‘루마코리아 틴트오프 수도권’을 개최할 예정이며, 레이싱 모델 출사 대회, 프로야구 롯데자이언츠 치어리더 팀 박기량 김연정 공연, 경품행사 등으로 참가자들의 눈과 귀를 모을 것으로 보인다. - 머니 투데이 *자세한 사항은 루마 홈페이지에서 확인 하세요"
38,"YTN뉴스,연합 뉴스, 아주경제 신문 루마 짝퉁 필름 유통시킨 업자 검거 기사입니다.",2013.09.02,11497,"대전 둔산 경찰서는 가짜 루마썬팅필름을 제조하여 대전, 대구, 광주등 전국 자동차용품점에 유통시 킨 일당들을 붙잡아 상표법 위반행위로 구속시켰습니다. 이들은 지난 2월부터 자동차용품점들에 품 질이 현저히 떨어지는 저가제품을 루마 정품으로 둔갑시켜 475롤, 1억 4천여만원 상당의 짝퉁필름 을 유통시켰습니다. 이들 일당중에는 폭력조직중 일부가 개입되 었으며 가짜 필름지에 루마상표를 마 킹한 임모씨, 가짜 포장박스를 제조한 유모씨, 품질보증서를 허 위로 위조한 박모씨등 각자 역할을 분 담하여 조직적으로 이루어진 것으로 밝혀졌습니다. 경찰은 현재 짝퉁을 제조하는데 결정적인 역할을 한 관련업자를 추적하고 있습니다. 소비자들께서는 이러한 점을 인지하시어 반드시 루마 정품을 믿고 시공할 수 있는 루마의 공식시공 점에 가셔서 시공을 하시길 바랍니다. (루마 공식시공점 확인 : 홈페이지 www.llumar.co.kr ) 소비자들께서는 가짜 필름에 더욱 주의하셔야 하겠습니다.~"
37,[인터뷰기사] 루마코리아 김우화 대표이사의 한국경제 인터뷰 2013.3.26,2013.09.02,11424,"인터뷰 내용 제목 ; 짝퉁 막으려 신재품(버텍스) 냈다! 최근 루마(LLumar) 짝퉁 필름을 제조해 유통시키는 불법 업자들이 기승을 부리고 있습니다. 소비자들이 피해를 입지 않으려면 공식 시공점애서 시공한뒤 전자 품질 보증서를 발급 받아야 합니다. 지난 15일 서울 용답동에 있는 루마 필름(주-씨피에프)에서 만난 김우화 사장은 ""루마 짝퉁을 제품의 식별이 필요한 시점"" 이라며 이같이 강조 했다. 루마 필름은 수입차 고객들이 주로 이용하는 자동차 썬팅지다. 기성 세대보다는 주로20~30대 젊은층 사이에서 인기가 높다. 시공가격은 40만~100만원대로 프리미엄 제품에 속한다. 짝퉁은 시간이 지나면 탈색 자외선 차단 기능도 떨어져 전자 품질 보증서 꼭 챙겨야"
36,[나눔경영실천뉴스] 김우화 대표 한국재능나눔대상 수상소식,2012.12.22,13860,"봉사와 사랑으로 나눔경영을 실천하는 CEO 들이 뭉쳤다 ! ( 주 ) 씨피에프 루마썬팅필름 김우화 대표 한국재능나눔봉사대상 수상 - ""자본주의 4.0 시대 이끌어 가는 기업이 될 것"" 수상 소감 발표 2012 년 한해의 가장 큰 화두였던 대선이 박근혜 후보가 당선으로 마무리되었다 . 박근혜 후보는 첫 여성 대통령으로서 , 국정을 맡기에 앞서 국민대통합과 민생경제회복을 최우선 과제로 삼고 있다 . 이런 그녀의 비전은 이전 정부들이 높은 경제 성장률을 기본으로 한 정책을 최우선으로 삼았다는 점과 확연히 다르다는 것을 발견할 수 있다 . 그녀의 정책은 국가보다 개인의 복지와 교육 육아 문제 등 삶의 질과 관련된 문제들이 세세하게 다루어져 있어 이전 정부와의 차별화된 행보를 보일 것으로 보인다 . 박 당선인은 20 일 첫 기자회견에서도 민생에 대한 강조는 빠지지 않았다 . 박 당선인은 그 일환으로 제 2 의 ‘ 잘살아보세 ’ 신화 구현을 들고 나왔다 , 박 당선인의 경제 브레인으로 꼽히는 강석훈 의원은 “ 단순히 예전처럼 가난에서 벗어나자는 의미가 아니라 침체에 빠진 경제를 살려 공약의 중산층 70% 를 복원하고 공정한 시장경제를 만들자는 뜻 ” 이라며 “ 과거 개발 시대의 일단 성장하고 , 돈을 벌자는 의미에서 공정경쟁 , 성장 , 복지 등이 함께 가자는 패러다임 ” 이라고 설명했다 . 박 당선인은 “ 국민 모두가 먹고 사는 것을 걱정하지 않고 , 청년들이 즐겁게 출근하는 모습을 볼 수 있으며 , 추운 겨울에 따뜻하고 편안한 잠자리에 드실 수 있도록 ” 이라는 문구로 실제 생활의 모습을 구체화 시켰다 , 박 당선인은 그러면서 “ 그것이야말로 진정한 국민 대통합이고 , 경제민주화이고 , 국민행복 ” 이라고 강조했다 . 박 당선인의 경제공약을 총괄한 김종인 국민행복추진위원장도 이날 CBS 라디오에 출연 , 국민통합의 대책을 묻는 질문에 “ 양극화 문제를 해결하면 상당부분 자동적으로 해결할 수 있을 것 ” 이라고 민생에 방점을 뒀다 . 이러한 정책 아젠다 설정 배경에는 즉 , 따뜻한 자본주의를 실천하는 사회적 기업의 역할이 강조하는 아나톨 칼레츠키 박사의 이론이 존재한다 . 양극화 해소와 기업의 사회적 책임 , 민생과 복지 등을 강조하는 박 당선인의 정책은 상당부분 과 일치하는 부분이 있어 이 이론은 앞으로 국정 운영의 방향에 반영될 것으로 보인다 . 하지만 그녀의 당선에 앞서 의 시대를 예견하고 우리사회에도 나눔을 실천하는 기업이 있었다 . 그 기업은 다름 아닌 사회복지재단 미오림복지재단을 통해 우리 사회의 소외된 이웃을 돕기 위해 적극 나선 기업 . 주식회사 씨피에프 , 루마썬팅 필름이다 . 루마썬팅은 이미 윈도우 필름의 대명사로서 , 이미 광고와 가까운 매장 등에서 소비자들과 만나고 있어 더욱 친근하다 , 지금과 같은 경기 불황 속에서 경영만으로 쉽지 않은 현실에서 , 나눔의 현장에 직접 참여해 타 기업들의 모범이 되고 있는 것에는 더한 말이 필요가 있을까 . 더욱이 루마썬팅 필름이 꾸준한 기부의 결과로 지난 20 일 한국 재능나눔대상에 선정되었다는 훈훈한 소식도 들린다 . 따뜻한 소식이 전해지는 그 현장으로 달려가 보자 ! [ 나눔 경영 실천 뉴스 ] 루마썬팅필름 , "" 기부로 소외층에 희망 북돋워 "" 2012 봉사와 사랑으로 따뜻한 세상 만들기에 앞장서온 기업인을 위한 한마당인 이 미래지식 경영원 주관 , 한국재능기부협회 후원으로 지난 20 일 1 시 30 분 프리마호텔 다이아몬드 홀에서 열렸다 . 이날 행사에는 중소기업의 일원으로서 사회적 나눔을 실천하는 경영인인 104 명의 재능나눔 대상자가 선정되어 추운 날씨에도 훈훈한 사랑의 정신을 전했다 . 특히 , 이번 시상식에 ( 주 ) 씨피에프 루마썬팅 필름 김우화 대표가 선정되어 주목을 받았다 . 루마썬팅은 썬팅업계의 우수기업으로서 20 년 간 훌륭한 경영적 성과를 거둔 것 못지않게 , 미오림 복지재단을 통해 사회적 약자인 노인과 장애인들을 돕는 사회적 기업으로서의 정신을 실천해 온 것을 인정받아 이번 수상의 영예를 안게 되었다 . 행사에는 정운찬 전 총리가 명예이사장으로 수상자에게 직접 상을 전달했으며 격려사를 통해 “ 가슴이 훈훈하고 따뜻한 날이다 . 오늘 사회의 빛과 소금이 되시는 여러분이 이 자리에 있기 때문 ” 이라며 “ 여러분의 사랑의 실천에 감사드리고 이 자리에 있는 분들이 아름다운 나눔과 봉사를 실천하는 분들로 수상의 영예를 안으신 것에 대해 진심으로 축하드린다 .” 고 축하의 뜻을 전해 수상의 의미를 더했다 ."
35,"루마 문경점 최재성,아시아퍼시픽 틴트오프 챔프 등극 [자동차 신문]",2012.12.15,11643,"기사 보기 링크 -> http://www.atweekly.com/news/articleView.html?idxno=23189 루마 문경점 최재성, 아시아퍼시픽 틴트오프 챔프 등극 [883호] 2012년 12월 13일 (목) 16:34:37 장병록 기자 byoroc@hanmail.net 루마코리아는 지난달 29일 인도네시아 자카르타 G1 엑스홀 컨벤션센터에서 열린 2012 루마 아시아퍼시픽 틴트오프에서 자사 문경점 최재성이 슈퍼틴터에 올랐다고 밝혔다. 지난 2011년 중국 선전대회에서 대구 리무진점 구석회 명장이 선전을 펼치고도 홈 텃세에 밀려 아쉽게 3위에 머무른 것을 설욕 했을 뿐 아니라 아시아태평양을 넘어 전 세계에 대한민국 루마 틴터들의 실력을 유감없이 보여준 계기를 마련했다. 이날 대회는 참가 10개국에서 총 11명의 틴터들이 출전하여 경연을 벌였으며 한국대표 문경점 최재성은 대회 직전 실시한 제비뽑기를 통해 6번 BMW 5시리즈 흰색 차량이 배정됐다. 많은 갤러리들이 운집한 이날 대회 현장은 한국 대표 최재성에게 이목이 집중됐다. 그 이유는 이미 지난 대회에서 대구 리무진점 구석회 명장이 수준 높은 실력을 발휘하며 많은 관심을 불러 일으켰기 때문이다. 이번 대회에서 슈퍼틴터로 등극한 최재성은 우승트로피와 메달 그리고 우승 상금 3천 달러를 받았다. 슈퍼틴터 최재성은 “우승을 하는데 큰 역할을 해준 구석회 명장을 비롯하여 자비를 들여가며 현지까지 찾아와 응원을 보내준 상주점 이재득 대표에게 감사를 드린다”고 전하면서 “대회가 진행되는 시간 내에 뜨거운 관심과 성원을 보여준 루마 점주들에게도 깊은 감사를 드린다”고 말했다."
34,"Premium 루마썬팅 국내 1호점, 프리미엄 수원점 김동배 대표를 만나다 . [카&모델]",2012.11.13,12385,"Premium 루마썬팅 국내 1호점, 프리미엄 수원점 김동배 대표를 만나다 . ‘프리미엄 PREMIUM’이라는 단어는 이제는 그리 특별하다 말할 수 없는 흔한 표현이 돼버리고 말았다. 사람들은 좀 더 높은, 고급스러운, 차별화된 대체어를 갈구하며, 어쩌면 이미 충분한 의미를 가진 그 단어들에 인색해지고 있는 것 같아 안타깝다. 알맹이는 똑같은데 이름만 점점 난해해지고 있으니 말이다. 이런 세상에서 ‘프리미엄’의 의미에 충실하지만, 왠지 ‘프리미엄’이라는 단어로는 부족해 보이는 정말 프리미엄한 썬팅 매장이 세상에 선보였으니, 그곳이 바로 루마썬팅 프리미엄 수원점이다. “국내에 단 두 곳뿐, 그 둘 가운데서도 확연히 돋보이는 1호점” 루마썬팅의 “프리미엄”이라는 칭호는 매장의 시공능력과 더불어 일정 규모 이상의 시설을 갖추어야지만 부여받을 수 있다. 보통의 영세한 매장이나 일반적인 시공점에서는 감히 시도하기 어려운 규모를 자랑하고 있는 것이다. 특히 프리미엄 수원점은 1호점으로서 그 의미가 큰데, 뒤이어 강남구 삼성동에 만들어진 2호점이 있긴 하나 형만 한 아우가 없다는 느낌을 지우기 힘들 정도로 1호점의 완성도와 스펙은 높다고 하겠다. 김동배 대표는 기존에 루마썬팅 일반시공점을 운영해오다가 좀 더 고급화된 시설과 차별화된 시공서비스를 제공해야겠다는 목표로 프리미엄 시공점을 개설하기에 이르렀다. 그의 목표와 철학이 반영된 시공점에는 완벽한 시공을 위한 청정룸이 별도로 마련되어있다. 완벽한 습도제어와 더스트 컨트롤, 배수시설까지 갖추고 까다로운 고객들마저 혀를 내두르고 갈 정도의 시공퀄리티를 자랑하고 있다. 특히 루마썬팅 프리미엄점이 다른 일반 시공점과 다른 또 하나의 이유는 바로 최상급 필름을 시공받을 수 있다는 점이다. 우리에게는 그 이름도 낯선 Tundra 와 같은 필름은 루마썬팅 프리미엄 시공점에서만 시공받을 수 있는 필름이다. 즉 가까운 동네 루마썬팅에서는 만날 수 없다. 물론 가격도 높지만, 필름의 스펙 또한 상상을 초월한다. 그야말로 몰라서 시공을 못하는 사람들이 많았겠지만 열차단 효율을 가장 중요하게 생각하는 오너라면 Tundra를 경험해 볼 필요가 있다. Tundra는 필름 특성상 시공이 까다롭다. 때문에 까다롭게 관리되는 환경에서 제대로 시공될 수 있다. 루마썬팅 본사가 프리미엄 시공점에만 Tundra 를 공급하는 이유이기도 하다. “오직 고객의 만족을 위해 준비된 모든 것” 프리미엄 수원점의 구석구석을 살펴보면 단순한 디스플레이나 Show를 위해 만들어진 것들은 거의 찾아볼 수 없다. 심지어 아무렇지 않게 놓인 것 같은 화분 하나도 고객의 기분까지 생각한 허브다. 최근에 개설되는 많은 썬팅 시공점들이 개성있고 미적인 아름다움을 추구하고 있으나 그것이 단순히 “보기 좋은 것”인지 “고객에게 도움되는 것”인지는 한 번 짚어볼 필요가 있다. 화려하지 않더라도 그 목적이 실용적이라면 의미가 있기 때문이다. 고객대기실 앞에 작은 바구니가 놓여있다. 이 바구니 안에는 고객을 위한 슬리퍼가 마련되어있다. 공용 슬리퍼가 아니라 특급호텔 등에서나 볼 수 있는 일회용 슬리퍼이다. 신발을 벗고 이용하게 되어있는데 위생적으로 일회용 슬리퍼를 준비해둔 것이다. 대한민국 어느 썬팅시공점에서도 찾아볼 수 없는 고객에 대한 철저한 준비이다. 고객대기실 안에는 대형 평면 TV와 편안한 가죽 소파가 놓여있고 다양한 잡지가 준비되어있어 자칫 지루할 수 있는 기다림을 신경 쓴 흔적이다. 또 한 번의 놀라움은 냉장고에서 벌어졌다. 보통 여러 가지 소다음료와 주스 정도가 준비되어있다고 해도 평균 이상의 점수를 받을 수 있을 텐데, 프리미엄 수원점의 냉장고에는 와인과 맥주를 비롯하여 홍초 등 역시 다른 시공점에서 찾아보기 힘든 음료와 주류까지 준비되어있다. 고객의 다양한 취향을 베려한 김동배 대표의 섬세함이 엿보이는 대목이다. 뜨거운 여름 시원한 맥주 한잔으로 더위를 날리며 열차단 필름이 시공된 차량을 타고 시공점을 나서는 기분은 상상만으로도 즐겁다. 김동배 대표는 시공전에 자세하고 친절한 상담으로도 유명하다. 오토탑99의 수원지역 우수시공기술자로 선정되기도 한 그는 고객들에게 충분한 설명으로 그들이 올바르고 후회없는 선택을 하도록 돕는 것이 필요하다고 말한다. 아직 자동차썬팅에 대한 일반 소비자들의 인식수준이 충분하지 않기 때문에 정확한 이해를 바탕으로 본인에게 필요한 제품을 선택해야 한다는 것이다. 시작부터 끝까지 고객을 위한 정성으로 모든 것을 준비하는 김동배 대표에게 나도 시공 받고 싶다. 문의 / 루마썬팅 프리미엄 수원점 031-202-5331 월간 카앤모델 (www.carnmodel.com) copyrightⓒ Car&Model. 무단전재 & 재배포 금지 단, 비영리적 목적으로 출처 표기 후 배포 가능 카앤모델 뉴스팀 photo@carnmodel.com"
33,"최재성 틴터, `2012 루마 틴트오프`에 한국 대표로 출전 [한경닷컴]",2012.11.13,11547,"최재성 틴터, `2012 루마 틴트오프`에 한국 대표로 출전 한경닷컴 및 차바이오 앤 디오스텍이 후원하는 '2012 루마 코리아 썬팅 콘테스트'가 10일 오후 서울 반포동 토요타 서초전시장에서 열렸다. 우승을 차지한 최재성 틴터가 시공 을 하고 있다. 전국 에서 예선을 거친 틴터 6명이 출전해 2시간 30분 동안 프리미엄 버텍스 필름을 뉴캠리 차량에 시공하여 실력을 겨루는 방식으로 진행된 이날 콘테스트에서 문경점의 최재성 틴터가 우승을 차지했다. 최재성 틴터는 오는 29일 인도네시아 자카르타에서 열리는 아시아-태평양 루마틴트 오프에 한국 대표 자격으로 참가하게 된다. 2012 루마 틴트오프(2012 Tint-off)는 개최국 인도네시아를 비롯해 호주, 태국, 대한민국 , 중국 등 10개국에서 참가하는 국제 썬팅 경연대회다. 한경닷컴 변성현 기자 byun84@hankyung.com 기사제보 및 보도자료 newsinfo@hankyung.com"
32,K7 수출형 모델 카덴자에 루마썬팅 시공되어~(조세일보 기사),2012.11.08,11600,"K7의 수출형 모델인 카덴자는 지난 2011년부터 북미지역에 본격 수출되었는데 2년만에 새로운 모습으로 북미시장을 공략할 예정 이며, 카덴자에는 발수코팅과 루마썬팅을 시공하여 햇빛 차단기능을 강화하였습니다. 수출형 모델에 루마썬팅이 장착되어 루마썬팅의 우수성을 맘껏 뽐내는 카덴자가 북미지역 소비자들을 얼마나 사로잡을지 기대를 모으게 하네요...^^ (아래 기사 링크를 클릭하여 관련기사를 확인하세요~) 관련기사 링크 : http://www.joseilbo.com/news/htmls/2012/11/20121105159391.html"
31,Team TC 모닝 우승 소식 입니다 -루마 협찬  [자동차 신문 ],2012.11.01,11562,"작지만 강한차 모닝 영엄 서킷을 비상하다! [877호] 2012년 10월 31일 (수) 17:56:41 영암 장병록 기자 byoroc@hanmail.net Team TC(팀장 박민우)가 지난 27일 전남 영암 코리아 인터내셔널 서킷에서 열린 2012 코리아 모터스포츠 통합대전 중 또 하나의 대회 HANKOOK DDGT 챔피언십 정규 클래스에 참가했다. 순수 아마추어 선수들로 구성된 Team TC는 지난해 7월부터 본 대회에 참가하고 있으며 이번 대회에는 15명의 선수를 구성하여 참가했다. Team TC는 지난 3월 24일 DDGT TT-100 클래스에 처음(1라운드) 출전했다. TT-100은 1600cc이하 & 200마력 이하의 차량이 참가하여 25분간 달려서 그 중 한 바퀴를 가장 빠르게 달린 차량이 1위를 차지하는 경기이다. 이날 경기에서 Team TC는 경쟁 차량 대비 600cc가 작은 1000cc 모닝으로 대회에 출전하여 우승을 차지했다. 작지만 강한 경차로 입상을 얻어내는 큰 수확을 올린 것. 그러면서 지난 27일 열린 DDGT TT-100클래스 6라운드를 우승으로 장식했으며 올해 열린 전 경기를 우승해 통합우승을 차지했다. DDGT TT-100클래스 통합우승자 Team TC 박민우 팀장은 “경차는 작고 느리고 위험한 차라고 일반인들이 인식하는데 저는 그게 아니라고 생각 한다”고 전하면서 “경제적이며 내가 운전하는 데로 재빠르게 움직여 주고 길지 않은 동체로 인해 매우 인상적인 핸들링, 약간의 출력상승에도 다이나믹한 퍼포먼스를 보여주는 멋진 자동차”라고 설명했다."
30,월간 와인 9월호에 실린 김우화 대표이사 커버 기사 및 광고,2012.09.17,11589,
29,중앙일보 [200자 경제뉴스] 썬팅필름 '버텍스' 태양열 70% 차단,2012.08.09,11127,
28,운전시 자외선 차단의 중요성 [SBS 8시 뉴스],2012.04.30,23196,운전시 자외선 차단의 중요성은 아무리 강조해도 지나침이 없을 것이라고 생각합니다만. 그 차이를 명확히 드러내는 뉴스 보도입니다. 매일 2시간 이상 장거리 출퇴근을 한 여성의 경우 운전석창가 반대편 그늘이 지는 쪽의 얼굴에 비해 창가쪽에 위치한 얼굴의 노화현상이 급속히 진행되어 주름이 훨씬 많아지는 현상을 볼 수 있습니다. 이는 유리창을 통하여 차안으로 입사된 자외선이 피부탄력을 유지시키는 콜라겐 단백질을 파괴했기 때문입니다. 자외선은 여름철의 강한 햇빛뿐만 아니라 가을철 선선한 날씨 가운데서도 예외가 없습니다. 당신의 피부건강을 위하여 완벽 자외선 차단-루마썬팅필름을 차유리에 시공하십시오!!! 관련 보도내용 참고 : http://news.sbs.co.kr/section_news/news_read.jsp?news_id=N1000816629
NOTICE,뉴스2데이 [인물탐구] 루마썬팅 김우화 대표 - 수많은 최초신화로 혁신적 마케팅의 위력 입증,2018.09.25,8487,"[ 인물탐구 ] 루마썬팅 김우화
대표 ② 성과 : 수많은 ‘ 최초
신화 ’ 로 혁신적 마케팅의 위력 입증 수많은 ‘최초 신화’ 쓰면서 시장을 키우고 업계 1 위 굳혀 ( 뉴스투데이 = 김성권 기자 ) 똘아이 , 돈키호테 , 이단아 , 무대뽀 , 엉뚱한 놈 , 정신
나간 놈 등…김우화 씨피에프 (CPF) 루마코리아 회장을 따르는 수많은 수식어들이다 . 루마코리아의 전신인 아코상사도 선팅과는 무관해 보이는 ‘한국의 예술이 되자’는 엉뚱한 발상에서 나왔다 . 이러한 수식어들이 꼬리표처럼 따라 붙을 정도로 김 회장은 선팅 업계에서 수많은
‘최초 신화’를 작성했다 . 그 최초 신화야말로 미약한 후발주자가 시장의 파이 자체를 확대하면서
확고부동한 업계 1 위로 자리매김하는 핵심적인 동력이었다 . 자동차 선팅에 브랜드를 입혔고 , TV 광고를 내보낸 것도 업계 최초였다 . 김 회장은 ‘장사하지 말고 마케팅하라’는 말을 입에 달고 다닌다 . 단순히
물건을 많이 팔아 매출을 올리기보단 물건의 가치를 파는 마케팅 경영이 시장에서의 승패를 좌우한다고 판단한 것이다 . 따라서 루마썬팅이라는 업계 1 위의 기업을 배출한 것 못지않게 혁신적 마케팅의 위력을 입증한
것이 김 회장이 거둔 중요한 성과로 평가된다 . 중략~ 원문보러가기 http://www.news2day.co.kr/111255"
NOTICE,뉴스2데이 [인물탐구] 루마틴팅 김우화 대표 - 썬팅업계를 뒤집은 역발상의 승부사,2018.09.23,8400,"[인물탐구] 루마윈도틴팅 김우화 대표 ① 경력: 삼성전자 나와 썬팅업계를 뒤집은 역발상의 승부사 선팅 산업을 창조한 김우화 회장, 4시간의 인터뷰 통해 삶과 희망 그리고 성공을 논해 (뉴스투데이=김성권 기자) 자동차 운전자에게 차량 선팅은 필수적이지만 으레 자동차 출고 시 딜러가 소비자에게 제공하는 부가적인 서비스에 불과했다. “루마에 가면~”, “거봐~ 루마썬팅하길 잘했지!”라는 TV광고 카피가 등장하기 전까지만 했어도 그랬다. 우리나라 선팅필름 업계 1위 기업인 씨피에프(CPF) 루마코리아의 김우화 회장도 필름의 ‘필’자도 몰랐다고 한다. 김 회장은 자동차에 필름을 바른다는 개념조차 없었던 1990년 초반 덜컥 썬팅필름업계에 뛰어들었다. 이후 업계에서 ‘똘아이’ ‘이단아’ ‘돈키호테’ ‘엉뚱한 놈’ ‘정신 나간 놈’이라는 소리를 들으면서 주목을 받기 시작했다. 동시에 ‘루마썬팅’이라는 브랜드가 대중들에게 각인됐다. 한국에서 자동차 선팅 자체가 산업으로 자리잡은 건 김 회장의 ‘마케팅’에서 비롯됐다. 후발주자로 레드오션 시장에 뛰어들었지만 업계 1위로 올라서는 데는 불과 4년밖에 걸리지 않았다. 그가 ‘마케팅의 신’으로 불리는 이유다. 선팅 필름과는 전혀 무관했던 그가 루마썬팅의 회장까지 올라선 계기는 잘 다니던 삼성전자를 뿌리치고 나와서부터였다. 김 회장은 지난 달 28일 루마코리아 사옥에서 기자와 무려 4시간 동안 인터뷰를 가졌다. 장시간 진행된 인터뷰 내내 지친 모습없이 열정적으로 삶의 역정과 꿈 그리고 성공에 대해 논했다. 김 회장은 일류기업인 삼성전자에서 나와 사업에 뛰어든 이유에 대해 솔직하게 답변했다. “가난에 찌들어 살던 어린 시절 우연히 검은 지프에 탄 국회의원이 지라시를 뿌리는 모습이 멋져보여 국회의원이 되고 싶었다. 국회의원이 되려면 능력이 있거나 돈이 많아야 한다고 생각했고, 우선 돈버는 것을 목표로 삼게 됐다” 중략~ 원문보러가기(뉴스2데이) http://www.news2day.co.kr/110357"
NOTICE,[인터뷰기사] 문화일보 골프와 나에 소개된 루마코리아 김우화 대표이사,2018.01.23,8683,"문화일보, 스포츠 - 골프와 나에 소개된 루마코리아 김우화 대표이사 ‘ 선팅 神話 ’ 처럼 5 년만에 언더파 … “ 빈스윙 체크가 실력향상 비결 ” 건강 위해 30 代 초반 골프 시작 독학 1 년여 만에 70 대 打 진입 홀인원 지금까지 4 차례나 경험 KPGA 시니어투어 5 년 후원도 자동차 선팅에 첫 브랜드 도입 연 15 만대 … 27 년간 정상 유지 私財 로 복지재단 15 년째 운영 “ 골프도 일도 똑소리 나야 정상 ” ‘ 루마썬팅 ’ 신화를 일군 김우화 (71) 씨피에프 루마코리아 ㈜ 회장은 마케팅 전도사다 . 2015 년 펴낸 저서 ‘ 나는 어떻게 1 등 브랜드를 만들었는가 ’ 를 통해 “ 개성상인들이 장사는 잘했지만 , 삼성전자나 현대자동차가 될 수 없었던 것은 장사와 마케팅의 차이에서 찾을 수 있다 ” 며 장사하지 말고 마케팅하라는 메시지를 전달하고 있다 . 김 회장은 최근 경기 하남시에 새 사옥을 마련하고 제 2 의 도약을 선언했다 . 새 사옥은 서울 강동구 올림픽공원과 하남시 초입의 외부순환도로 진입로를 지척에 두고 있다 . 지난 6 일 새 사옥 집무실에서 만난 김 회장은 “ 매년 신년은 경북 문경의 미오림 복지재단에서 시작한다 ” 고 귀띔했다 . 신년 사업 구상 발표와 함께 전국 9 개 루마 총판이 마련한 ‘ 사랑의 기금 ’ 전달식 , 그리고 복지재단 시설 견학을 진행했다 . 미오림 복지재단은 김 회장이 나눔을 실천하기 위해 2003 년 9 월 사재를 털어 설립했다 . 김 회장은 노인들을 위한 안락한 요양시설 , 사회 적응이 어려운 장애인을 위한 사회복지사업을 15 년째 펼치고 있다 . 김 회장의 골프 구력은 40 년 가까이 된다 . 김 회장은 삼성전자에 재직하던 1980 년 골프채를 처음 잡았다 . 비즈니스가 아닌 몸 관리를 위해서 골프에 입문했다 . 30 대 초반부터 건강에 신경 쓴 건 1973 년 수술 때문 . 병원에서 쓸개에 이상이 생겼다는 진단을 받았다 . 발병 원인도 몰랐다 . 담석이 생긴 것도 아닌데 구멍이 났고 검사를 해도 뚜렷한 원인을 알 수 없었던 것 . 김 회장은 “ 병명을 찾아내기 힘들었던 시절이었는데 , 참 운이 좋았다 ” 고 말했다 . 김 회장이 해온 모든 일이 그렇듯이 골프 역시 똑소리가 났다 . 골프 구력 5 년이 안 돼 4 언더파 68 타라는 놀라운 스코어를 남겼다 . 실력이 아깝다며 클럽챔피언전이나 아마고수대회에 참가하라는 권유를 많이 받았지만 다 뿌리쳤다 . 김 회장은 “ 골프는 건강을 위해서 하는 운동 ” 이라며 “ 딴생각을 하게 되면 건강에 도움이 되는 운동이 아닌 도구가 된다 ” 고 설명했다 . 원문보러가기 http://sports.news.naver.com/golf/news/read.nhn?oid=021&aid=0002339775"
27,[루마 판교 궁내점 기사] 썬팅하나 바꿨을 뿐인데.. 작열하는 여름이 즐겁다.,2011.08.11,12723,루마썬팅 판교궁내점 기사 입니다. 8월 13일 888호 내일 신문 기사 입니다. 기사 제목 : 썬팅명가 루마썬팅 판교궁내점 썬팅 하나 바꿨을 뿐인데.. 작열하는 여름이 즐겁다.
26,판교궁내점 내일신문 기사 내용-여름철 바캉스 자동차에도 썬크림이 필요하다.,2011.07.25,13471,"내일신문886호6면에 실린 루마썬팅 판교궁내점 신문기사내용입니다 판교궁내점 김일수 사장님의 내일신문 인터뷰 내용입니다. http://www.llumarstar.com/ 본문 내용 본격적인 피서 철을 앞두고 자동차 점검이 필요 한시점이다. 에어컨 냉각제는 충분한지, 바퀴 공기압은 적당한지 점검하지만 정작 문제는 여름철 작열하는 태양 아래 찜통같이 달아오르는 차로 인해 고역스럽다는점이다. 에어컨을 고단으로 틀어놔도 자동차의 열기가 쉽게가시지않고 의례히그러려니 하지만자동차썬팅에 문제가있다고는 생각하지못한다. 자동차를 구입하면 영업소에서 썬팅을 해주는 것이 일반적. 때문에 대개의 경우 어떤 제품으로 썬팅 시공이 되었는지 묻지도 따지지도 않는다. 기능이 떨어지는 저가의 썬팅필름이 부착된 경우 차량의 실내 온도와 자외선 차단에 효과를 기대하기 어려워진다. 요즘은 이 같은 사실을 알고 있는 사람들 사이에선 기능성 썬팅 필름으로 교체하거나 별도의 전문썬팅을 주문하곤한다. 이때 차량용 썬팅 필름으로 사람들에게 손꼽히는 것이바로‘루마썬팅’이다. 자동차의 열기와 유해광선 99% 차단 세계적인 윈도우 필름 생산업체인 미국 ‘CPFlims Inc’에서제조하는루마썬팅은적외선과 자외선 차단 썬팅 필름으로 유명한 곳이다. 특히 중국이나 동남아 OEM 방식이 아닌 미국에서 100% 주문 생산돼 나오는 제품으로 업계최초 ISO 9001 인증을받은곳. 루마썬팅필름 공식시공업체인 판교 궁내점의 김일수 대표는“제대로 된 썬팅은 차량에 자외선 차단 제를 영구히 발라주는 것과 같은 효과를 얻을 수 있다”고설명한다. 이 같은 예는 분당 구미동에 사는 이진선(39)씨의사례에서확인할수있다. 여름철 자동차 운전을 할 때면 선글라스와 소매토시를 필수적으로 착용해온 이씨. 도로 위에서 조 금만 운전을 해도 눈이 쉽게 피로해지고 핸들을 잡은 팔이 햇빛과 열기에 뜨거워지기 때문이었다. 게 다가 아이를 태우고 운전할 때면 뒷자리 햇빛 가리개도꼭챙겨야했다. 그러다 지인의 소개로 전문업체인 루마썬팅 궁내점에서 앞 유리를 포함한 차량 전체에 썬팅을 하고 난후 이씨는 요즘여름철운전에도 두려움이없다. “전에 비해 차 내부가 훨씬 시원해졌고 운전할 때 햇빛으로 인한 눈의 피로감도 거의 없어요. 썬팅 하 나만으로 이렇게 큰 차이를 보게 될 줄 몰랐어요. 아이도 뒷자리가 시원하니 긴 여행도 짜증 없이 가고 요. 진작 알았으면 할 정도로 썬팅의 효과에 만족하고있어요.” 15년 경력이 말해주는 썬팅의 전문가 15년 썬팅 시공경력을 자랑하는 김일수 대표는 “예전에는 썬팅이 프라이버시 위주였다면 요즘은 적외선과 자외선 등 유해광선을 차단해주는 기능이중요하게부각되고있다”고설명한다. 특히 루마 자동차용 필름은 유해한 자외선의 99% 이상을 차단하고, 뜨거운 태양열은 60% 이상 막아줘 쾌적하고 편안한 운전을 도와준다. 이런 강력한 열 차단 효과로 여름에는 실내 에어컨 사용량을 현저히 줄 일 수 있으며 자외선으로 인 한 피부 손상도 줄여준다. 또한 태양열로 인해 차량의 각종 구성부품과 네비게이션, 휴대폰 등과 같은 전자장비들도 보호할수있다. 김 대표는“루마의 자동차용 필름은 태양열차단 필름, 전면유리용 필름, 안전 방호용 필름 등 다양하 다”며“가격이 조금 비쌀 수 있지만 그만큼 기대되는 효과가 크다”고강조했다. 한편 루마썬팅 판교 궁내점은 전문시공업체로서의 자부심으로 제품에 따라 최대 7년에 이르는 품질 보증제도도 시행하고있다. 여기에 15년 외길로 달려온 썬팅 전문가인 김일수 대표는 본을 떠서 하는 일반적인 공법이 아닌 하 나하나 수공으로 작업하는 완벽함을 추구해 시공 고객들에게만족감을주고있다. ( www.llumarstar.com / 문의 : 031) 711-1515 자동차 썬팅의 최강 주자, 루마썬팅 판교 궁내점 바캉스 떠나기 전, 자동차에도 썬크림이 필요하다. 쿼츠 글라스 코팅은 고경도의 유리막을 형성하는 코팅으로서 일명 유리막코팅 이라고 부른다. 일본에서 개발된 최첨단 신소재로 페인트 보호는 물론 광택을 반영구적으로 유지 시켜준다. ..MADE IN JAPAN 자동차에 유리막을 입혀드립니다 쿼츠-글라스 코팅 ..운영시간 : 월~토요일 오전 8시30분~ 오후 8시까지(사전 예약시 야간, 주말에도 시공 가능) ..위치 : 성남시 분당구 궁내동 192-3 ..문의 : 031-711-1515 / 010-3342-8343 자외선/적외선 차단/피부보호 루마-웰빙 썬팅 당신의 멋진 웰빙 라이프 이제 차안에서도 즐기세요. ..기미, 주근깨, 피부암등을 일으키는 자외선 완벽차단 ..고성능 적외선(열)차단으로 냉방효과 상승 ..프라이버시 보호 ..MADE IN USA 자외선차단 99% 미국피부암재단 인증"
25,2009년 대구 MBC TV 광고,2011.05.05,11437,2009년 광고 입니다.
24,이뉴스투데이-오늘경제에 루마광고가 실렸습니다.,2011.05.04,8747,종합경제지인 온오프라인 신문- 오늘경제 2011 2월 28일(월) 9일자 9면 신문에 루마신제품 광고가 실렸습니다.
23,독서신문에 미오림재단 인터뷰 기사 실렸습니다.,2011.05.03,9111,"온오프라인 문학신문 독서신문에 미오림 복지재단 후원기사가 실렸습니다. 미오림을 사랑하시는 많은 분들의 관심 바랍니다. 본문 [ 독서신문 = 김성희 기자] 1세기 선진복지국가로 재탄생하기 위한 대한민국의 발걸음은 분주하지만, 사회복지에 대한 제대로 된 개념정립과 국민의식 수준은 아직 갈 길이 멀어 보인다. 잊을만하면 한 번씩 불거져 나오는 소위 사회복지시설들의 파행과 반인륜적 사건 보도에 국민들이 충격받기 일쑤다. 장애인보호시설은 물론, 아동, 여성, 노인 복지시설의 운영 실태와 관리방식이 아직은 수준 미달인 곳이 많고, 심지어 공금유용 및 횡령, 수용인 및 근무 직원(지도교사, 요양사, 복지관리사 등)에 대한 비인간적 처우, 외부와 차단된 왕국식 운영관행 등 사회복지시설에 대한 국민들의 선입견과 반감을 조장하는 사례들이 빈번했던 것이 사실이다. 그러나 이런 일부의 잘못된 관행과 선입견을 과감히 벗어 던지고, 사회복지시설의 새로운 패러다임을 만들어 가며 조용하지만 큰 실천을 하고 있는 김우화, 이순례씨 부부가 주목받고 있다. 두 사람이지만 한 마음, 한 사람으로 서로를 의지하며 지난 8년 간 이들이 일궈낸 보금자리는 바로 ‘미오림’ 사회복지재단이다. 최고 수준 사회복지시설로 인정받는 ‘미오림’ 재단 ‘미운오리 새끼가 연약한 얼굴을 기대며 숨을 쉴 수 있는 숲’이란 뜻으로 지었다는 ‘미오림’. Mirace(기적)의 ‘미’와 Hope(희망)의 ‘오’, 그리고 Dream(꿈)의 ‘림’은 기적과도 같은 꿈이 이뤄질기를 소망하는 많은 이들의 희망도 담았다. 30여 년 동안 사업만 해왔고, 지금도 ‘루마필름’이란 자동차 썬팅용 필름을 공식 수입하며 전국 직영 대리점을 400여개나 운영하는 (주)씨피에프의 대표인 김우화 사장이 ‘미오림’ 복지재단을 설립한 것은 2003년 9월이었다. 처음부터 사회봉사와 복지재단에 대한 어떤 계획이나 의지를 갖고 시작한 것은 아니었다. 우연히, 아니 돌연히 찾아온 형의 죽음을 대하며 삶의 회의와 무상함에 부딪혔던 김우화 사장은 ‘공수레 공수거’인 인간의 한 생에서 나와 내 가족을 돌보는 것만큼이나 중요한 것이 이웃을 사랑하고 희생을 나눌 수 있는 삶이어야 한다는 것을 깨닫고, 사회복지에 눈을 돌리게 된다. 그리고 곧바로 사회복지재단 설립과 장애인복지시설인 ‘친구마을’ 개원을 추진한다. 부지는 부부가 노후생활을 대비해 매입해 두었던 경북 문경시 마성면의 11만 5700평방미터(약 35,000평) 땅을 재단에 기부해 마련했다. 하지만 시작부터 첩첩산중이었다. 장애인복지시설을 혐오시설로 인식한 동네 주민들의 항의가 빗발쳤고, 아무 연고도 없는 타지인의 법인 신청을 받은 지자체 당국자는 이런 저런 이유를 대며 불신의 눈초리로 까다로운 행정절차를 요구했다. 주위의 지인들조차 ‘복지사업’이란 말에 의구심어린 시선을 보내기도 했다. 처음부터 오해와 불신, 선입견의 장벽에 부딪힌 김우화, 이순례씨 부부는 지금도 가장 힘든 일이 우리 사회에 너무나 보편화 돼 있는 ‘사회복지사업’에 대한 비뚤어진 시각을 극복하고 제대로 인식시키는 것이라고 말한다. 우여곡절 끝에 2003년 ‘미오림복지재단’의 설립허가를 받고, 이듬해 2월 경북 문경시 제1호 사회복지시설인 ‘친구마을’을 개원했다. ‘친구마을’은 낮 시간에 돌보는 이 없이 홀로 지내야하는 인근 지역 장애인들을 모아 보살펴주며, 공동작업을 통해 재활치료도 겸하는 장애인보호 작업장이다. 장애우들의 출퇴근은 미오림 직원들이 직접 차량으로 장애우 집까지 케어해주며, 적은 금액이지만 장애우들이 작업한 수익금은 곧바로 개인통장으로 지급한다. 대부분의 복지시설이 주민과의 마찰을 염려해 깊은 산 속이나 외딴 곳에 위치해 있지만, 미오림은 마을 한 복판의 너른 평지에 자리 잡고 있다. 사회와 유리된 차등적 복지시설의 패러다임을 넘어서 이제는 우리 사회의 한 구성원으로 함께 소통하고 같이 어울려야 한다는 김우화 이사장의 새로운 개념이 일궈낸 결과다. 소통해야 이해할 수 있고, 접촉해야 더 많은 사랑이 퍼져나갈 수 있다는 신념으로 마을 주민들에게 ‘미오림’ 시설들을 개방하는 것은 물론, 지역민들과 하나 되는 프로그램도 운영하고 있다. 우연한 계기에 사회복지사업을 시작하게 됐지만, 하면 할수록 해야 할, 아니 하고 싶은 일들이 너무 많다는 김우화, 이순례씨 부부. ‘친구마을’에 이어 2008년 4월에는 노인요양시설인 ‘봄마을’을 개원해, 현재 58명의 중증 어르신들을 돌보고 있는 ‘미오림’ 복지재단은 신묘년 올해 ‘장애인수용시설’ 신축이란 또 하나의 목표를 가졌다. “돌봐주어야 할 사람들이 많기에 사업도 더 열심히 했고, 남들보다 더 부지런히 살았습니다. 그리고, ‘봉사’라는 게 반드시 몇 백억, 몇 천억 가진 부자만이 할 수 있는 게 아니라는 것을 깨달았습니다. 봉사할 수 있는 기회와 능력을 갖게 된 것이 가장 큰 보람이며 기쁨입니다”라고 말하는 김우화 이사장은 “더 많은 사람들이 ‘봉사’를 통해 좀 더 책임감 있는 인생을 살고, 베품과 포용이 주는 행복을 느끼게 되길 바란다”며 작지만 진지한 소망을 전했다. 이순례 ‘봄마을’ 원장과 함께 한 ‘미오림’ 방문기 지난 20여년 간 서울에서 약사로, 아내로, 어머니로 살아온 이순례 원장은 어릴 적부터 막연하게나마 사회봉사의 꿈을 갖고 있었지만, 막상 본격적인 봉사활동을 나서기가 쉽지 않았다고 했다. 그저 신앙생활 중에 교회에서 하는 봉사활동이 고작이었는데, 남편이 시작한 ‘미오림’ 재단을 계기로 참된 봉사를 실천하게 된 것이 큰 기쁨이라고 말하며 수줍게 웃었다. 노인요양시설인 ‘봄마을’ 투어를 직접 인도해 준 이원장은 기본 설비부터 간식에 이르기까지 하나하나 정성이 들어간 기본 시설과 설비, 33명의 직원 근무 현황 및 운영 자금 등 그들의 보금자리 모습을 있는 그대로 보여주었고, 노인요양시설인 ‘봄마을’ 원장으로서 가장 중점적으로 실천하는 원칙에 대해 진솔한 이야기를 이어갔다. 다음은 그녀의 이야기 전문. “이사장님이나 저나, 가장 중요하게 여기는 원칙은 ‘투명성’입니다. 우리 사회 모든 부분들이 그렇듯이 믿음과 신뢰는 공정성과 투명성이 바탕이 됐을 때 자연스럽게 만들어지는 것이지요. 복지시설 운영에 정부지원이 있는 만큼 자금운용이나 시설 및 직원관리 등 모든 사항에 한 치의 오해가 없도록 ‘열린 경영’을 하는 게 가장 좋은 방법이라고 생각했습니다. 그래서, 한 달에 두 번씩 팀장회의를 갖고, 운영비 회계 및 시설이용자(이원장은 ‘수용자’라는 말 대신 ‘시설이용 어르신’, ‘친구들’이라고 표현) 관리상황 등을 공개해서 공유합니다. 그리고 직원들의 근무 여건이나 기타 의견도 서로 기탄없이 이야기하는 장으로 활용합니다. 자금운용뿐만 아니라 직원관리 또한 매우 중요한 과제였습니다. 소통부재와 대화단절로 인한 오해와 불신보다는 드러내서 함께 고민하고, 해결하는 것이 최선이라고 판단했습니다. 특히 이직과 퇴직이 빈번한 복지시설 근무 직원들의 실태를 개선하는 데 주력했습니다. 아무리 최고의 시설을 갖췄다하더라도 돌봐주는 이의 따뜻한 사랑과 기쁨이 없으면 이용자들을 정성껏 돌보기 힘들지요. 희생과 봉사의 마음으로 선택한 직업이지만 그분들도 똑같은 사람의 마음입니다. 무조건적인 희생과 봉사를 강요하는 것보다는, 즐겁고 행복한 마음으로 자기 일에 최선을 다할 수 있는 여건을 조성해 주는 것이 효율적이라고 생각합니다. 그래서 직원들 근무환경과 복지에 많은 노력을 기울입니다. 법정 근무시간 준수부터 공정한 인사 등 그들의 불만사항을 최대한 없애는 것이지요. 작년 6월에는 1년 이상 장기 근무자들을 대상으로 ‘우수 직원 해외연수’를 실시해 16명이 일본으로 연수를 다녀왔습니다. 첫 시도여서 부족한 점도 있었겠지만, 직원 모두 매우 만족하며 자신의 일에 대한 애착심과 자긍심을 높이게 됐고, 더욱 즐겁게, 열심히 일하는 계기가 됐다고 평가 했습니다. 또, ‘열린 경영’은 시설이용자를 비롯한 우리 ‘미오림’이 있는 그대로의 모습으로 지역 주민, 우리사회 모두와 자연스럽게 소통하고, 하나 되는 운영도 의미합니다. 언제부터인지는 모르겠지만 우리 사회에 깊숙이 뿌리 박혀 있는 사회복지시설에 대한 불편한 시선이 저희들을 가장 힘들게 합니다. 심지어 시설이용자의 가족들조차 불신에 찬 목소리를 높이기도 합니다. 하지만, 저희는 이 모든 것 역시 소통부재가 원인이라고 생각했고, 모든 시설과 운영 실태를 어느 누가 와도 있는 그대로 공개합니다. 처음에는 시설이용자분들이 심리적 부담을 느끼지 않을까 걱정도 많았지만, 후원 회원들의 자원봉사를 비롯한 외부 방문을 자주 접하면서 오히려 기쁨을 느끼는 분들이 더 많았습니다. 사람과 사람의 대면, 접촉하는 손길로 전해지는 따뜻한 사랑이 큰 힘이 된 것이지요. 봉사하러 오신 분들 역시 진한 감동과 뿌듯한 인간애를 느끼고 갑니다.” 많은 이들이 함께 해서 키워나가는 ‘미오림’재단 되길 지인들이 알음알음으로 후원을 자청해 현재 700여명의 후원자들이 돕고 있지만, 매달 2000만원~3000만원의 적자다. 국내 최고 수준으로 만들어온 모든 시설과 환경 유지를 포기하지 않는 김우화 이사장이 지금까지 ‘미오림’ 복지재단에 쏟아 부은 유형무형의 자산만 50억원쯤 된다. 지인들 모두 ‘미친 것 아니냐’는 반응을 보인다. 그렇지만 그는 올해 또 새롭게 ‘장애인수용시설’ 신축과 ‘봄마을’이 노인요양시설 최초로 국제표준화규격(ISO)을 인증 받는 것을 목표로 매진하고 있다. 총 30억원의 소요예산 중 정부에서 10억원을 지원받았지만 20억원은 김 이사장이 마련해야 한다. 재단을 위해 개인사업도 더 열심히 할 계획이다. 그리고 세상에 ‘미오림’을 알리는 일도 적극적으로 시작할 예정이다. 복지사업 한다고 스스로 말하는 것이 낯부끄러워 단 한 번도 후원회 이야기를 꺼내본 적 없다는 김 이사장은 이제는 좀 더 열린 마음으로 많은 이들이 이 아름답고 행복한 일에 참여하기를 권하기로 했다. 봉사의 즐거움을 세상 사람들과 나누는 것 역시 또 다른 이름의 봉사이기 때문이다. 하지만, 김 이사장이 ‘미오림’을 세상에 알리고 후원회를 확대하려는 결심을 한 더 큰 이유는 다른 데 있다. 온갖 정성으로 만들어진 ‘미오림’ 재단과 ‘봄마을’, ‘친구마을’ 등 복지시설들이 김 이사장이 이 세상에 없을 때에도 영원히 지속되기를 바라는 염원에서다. 지금은 김 이사장이 이끌고 있지만, 영원할 수 없는 게 순리다. 그래서 재단 스스로 자생해야 한다는 원칙도 세웠다. 현재 아내가 맡고 있는 ‘봄마을’ 원장도 조만간 근무 직원들 중에 적임자를 선발해서 이임할 예정이다. 가족끼리 운영하고, 대를 이어 개인 재산처럼 상속하는 그런 파행은 아예 처음부터 차단한다는 신념이다. 21세기형 신개념 사회복지를 꿈꾸며 그 선두주자로서 전 재산을 쏟아 부은 김우화, 이순례 부부. 그들은 자신들이 일궈놓은 ‘미오림’의 숲이 작지만 강한 밀알로써 우리 후손들에게 영원히 전해지기를 소망하며 오늘도 주어진 하루를 성실하게 채워가고 있다. 사회복지법인 후원 계좌 (예금주 : 미오림 복지재단) 우리은행법인 : 185-239502-01-003 농협법인통장 : 093-01-170674"
22,KJGA 주니어 골프 선수권대회 협찬,2010.11.05,9272,"﻿ ﻿10월 28일부터 29일까지 태광 C.C에서 벌어진 2010 KJGA 주니어 골프 선수권대회에 루마썬팅필름이 현수막과 배너및 대회 카다로그에 게재함으로써 대회에 참가한 선수, 학부모, 대회 관계자들에게 세계 최고의 썬팅필름-루마필름에 대한 유익한 홍보의 장이 되었습니다. KJGA 주니어 골프 선수권대회는 골프 꿈나무 육성과 저변확대에 중요한 일익을 담당하는 메이저 주니어 대회로써 향후 홍보효과가 클 것으로 생각됩니다."
21,"강남,서초 내일 신문에 실린 압구정/대치 대표 인터뷰 입니다.",2010.06.28,5839,"사진 1. 2009년 사진 2. 2010년 1. 앞 유리 썬팅으로 건강하고 시원한 여름 예약 2009-06-10 오전 7:29:03 게재 고성능 루마필름 적자외선 완벽차단, 냉방효과 상승으로 에너지 절감 및 안전도 강화 여름이 되면 누구나 겪는 ‘찜통 같은 차 안’. 숨이 막힐 것 같아 들어가기도 싫고 들어가도 뜨거워서 앉을 수도 없다. 대부분 차를 구입하면 옆 유리를 중심으로 ‘썬팅’이라는 것을 하지만 열 차단은 제대로 되지 않는다는 이야기다. 제대로 된 썬팅이라면 사생활보호는 물론 자외선 차단으로 피부를 보호하며, 열을 포함한 적외선 차단으로는 에너지절감 효과까지 바라볼 수 있어야 한다. 유해광선의 99% 차단 삼성동에 사는 유씨(35)는 유치원생 아이를 둔 주부이다. 한창 더워지는 날씨에 아이를 데리고 차라도 타려면 여간 곤욕스러운 게 아니었다. 더운 날씨에 차안은 이미 찜통이고 그 안에 들어가라고 하면 아이는 자리가 뜨겁다고 운전 중에 서 있곤 했다. 그래서 큰 결심을 하고 전문업체인 루마썬팅에서 앞 유리 썬팅을 하였다. 적외선(열)차단 효과가 75% 이상이라는 소리에 선뜻 결정했는데, 전에 비해 훨씬 차 내부가 시원하고 운전에 방해가 거의 없었다. 이렇게 썬팅 하나 제대로 하고나니 올 여름 아이와의 외출이 겁나지 않았다. ‘썬팅’이라고 해서 모두 똑같은 썬팅이 아니다. 세계적인 윈도우 필름 생산업체인 미국의 CPFlims Inc.에서 제조한 루마필름은 앞 유리 전용 썬팅필름으로 높은 적/자외선 차단효과로 유명하다. 또한 자동차용, 주거용, 상업용 윈도우 필름만을 생산하면서도 OEM 방식이 아닌 미국과 영국에 생산설비를 갖추고 있는 업계최초 ISO9001 인증 회사이기도 하다. 루마썬팅필름의 지정시공전문점인 압구정점 노승구 점장은 “루마 자동차용 필름은 유해한 자외선의 99%이상을 완벽하게 차단하고, 뜨거운 태양열의 50%이상을 차단하여 쾌적하고 편안한 운전을 도와준다”며 “특히 자동차전면유리용 필름은 유입되는 다량의 자외선과 열선을 차단해 에너지 절감 효과도 톡톡히 볼 수 있다”고 강조했다. 차량내부 온도 낮춰 에너지절감 태양광선은 차량내부의 온도를 높이는 원인이다. 자외선의 경우 열은 포함하지 않지만 유해파장으로 피부 손상과 차량 내장물을 탈색, 변색 시킬 수 있으며, 적외선은 열을 포함한 파장으로 차량의 각종 구성부품에 악영향을 줄 수 있다. 따라서 대부분의 차량이 측면과 후면 유리에 썬팅을 하고 있지만 전면유리를 통해 유입되는 자외선과 열선을 차단하지 않으면 반쪽 썬팅이라 말할 수 있다. 노승구 점장은 “루마필름은 일반썬팅에 사용하는 필름 10장을 붙여놓은 것과 같은 효과가 있다. 특히 실내표면 온도 비교 테스트 결과 일반 유리차량과 루마썬팅 부착차량의 온도차는 16℃ 정도 차이가 났다”며 “소비자들이 원하는 적절한 프라이버시도 보호해 주면서도 적외선(열)과 유해자외선을 확실히 차단시키는 고품질 필름으로 물론 운전에도 장애가 없다”고 강조했다. 특히 미국에서는 썬팅용 필름의 사용이 차량에만 국한되지 않고 전시장, 전원주택, 아파트, 상가 등의 전면유리에 사용함으로써 에너지 절감에 큰 비중을 두고 있다. 루마필름을 건물 유리에 부착함으로써 여름에는 실내온도가 많이 올라가지 않으며, 반대로 겨울에는 내부 공기가 쉽게 빠져나가지 않아 에너지절감에 큰 도움이 된다. 또한 거의 색깔이 들어가지 않아 육안으로는 썬팅 유무를 구분하기도 힘들만큼 선명도도 좋다. 노승구 점장은 “특히 차량의 경우 강력한 열 차단 효과로 여름에는 실내 에어컨 사용량을 훨씬 줄 일 수 있다”고 말했다. 강력한 접착력으로 안전성 높여 루마의 자동차용 필름 종류로는 태양열차단필름, 전면유리용 필름, 안전 방호용 필름이 있다. 안전방호용 필름은 일반 윈도우 필름에 비해 아주 강력한 접착력을 가지고 있어 유리의 강도를 10배 이상 높여 준다. 따라서 외부의 심한 충격이나 침입에 안전하게 대처할 수 있으며, 특히 사고 시 유리파편에 의한 부상을 최소화 할 수 있다. 또한 자동차의 경우 태양열의 40% 정도가 전면유리를 통해 유입되기 때문에 강력한 태양열차단 필름을 사용할 경우 네비케이션, GPS, DMB단말기, 휴대폰 등과 같은 전자장비들을 뜨거운 열로부터 보호할수 있다. 장비의 보호 뿐 아니라 이러한 전자장비들의 수신 장애도 최소화 할 수 있다. 노승구 점장은 “루마필름은 비금속, 비전도성 나노신소재의 사용으로 전자장비의 수신 장애 없이 최적의 기능을 발휘한다”며 “가격이 비싸다고 생각할 수 있지만 안전도 강화, 강력한 열차단으로 효과적인 냉난방, 자외선차단으로 웰빙이 보장되는 기능성 썬팅이라 할 수 있다”고 강조했다. 문의 (02)540-5800, www.llumar.co.kr 김미성 리포터 miskim98@hanmail.net 2. 차와 운전자는 일심동체! 아끼고 사랑해야~ 자동차 용품의 올바른 선택과 정밀시공 가능한 전문업체 선택은 필수 2010-06-01 오후 2:01:32 게재 이제 자동차는 생활필수품으로 우리 삶과 매우 밀접해졌다. 차테크란 말이 있을 정도로 자동차를 자산으로 생각하며 차 구입부터 타는 동안 최소비용으로 최대효과를 내려고 고심한다. 차는 사람이 관리하기에 따라 오랫동안 새 차처럼 탈수도 있으며 차의 기능에 따라 사람의 안전이 보장되기도 한다. 자동차에 선팅과 코팅을 하는 것은 자동차 수명을 늘리는 일이며 운전자의 안전과 건강을 지키는 일이기도 하다. 30년간 자동차 용품과 차 관리 서비스 분야에서 전문적인 기술을 보유하고 있는 (주)차크린. 지난해 압구정점에 이어 올해는 대치동 은마아파트 부근에 대치점을 열었다. 이곳에 효율적으로 코팅과 선팅을 할 수 있는 방법에 대해 자문을 구해보자. 자외선 차단의 필수품 ‘선팅’ 선팅은 외부에서 차 내부가 보이지 않게 하는 효과 외에도 불의의 사고에 유리가 깨져도 강한 인장력으로 유리파편 때문에 생기는 2차 사고의 피해를 줄인다. 자외선 차단으로 운전자와 동승자의 피부를 보호하고 차 내부의 변색도 막는다. 가시광선을 막아 야간 운전을 할 때 눈부심을 막아주며 단열효과로 여름철 차량 내부 온도를 6~7도 가량 낮춰 에어컨 가동 시간도 줄이고 쾌적하게 운전할 수 있게끔 해주기도 한다. 차크린에서 시공하는 ‘루마 자동차용 윈도우 필름’은 수입품으로 자외선을 99%, 태양열의 50% 이상을 차단한다. 특히 전면 유리용 필름인 루마윈콜은 99.9%의 자외선을 완벽하게 차단하고 뜨거운 열선차단으로 실내공간을 쾌적하게 해준다. 시야의 선명도가 우수해 야간 운전이나 비가 올 때도 안전하게 운전을 할 수 있다. 강력한 접착력으로 유리가 파손되어도 파편의 비산방지가 가능하다. 내비게이션이나 휴대폰의 전파 수신 장애가 없어 편리하다. 선팅 시공 시간은 앞 유리는 1시간~1시간 30분 옆과 후면 유리는 2~3시간 정도 소요된다. 비용은 제품에 따라 다소 차이는 있으나 앞 유리 25만원 내외, 옆과 후면 유리 19~52만원  선이다. 저가용 선팅은 차량과 인체에 피해줘 선팅은 운전자가 선팅 필름을 선택하고 시공을 결정하는 것보다 차를 구입할 때 차 판매 사원에게 선물로 받은 경우가 많다. 그래서 대부분의 운전자는 선팅 필름에 대해 아는 바가 없다. 차크린 노왕호 대표는 “저가 제품으로 선팅을 하면 자외선과 열차단율이 현저히 떨어지며 저가용 선팅을 할 때 사용하는 접착제 역시 품질이 낮아 재시공을 하기 위해 뒤 유리 선팅필름을 제거할 때 열선이 훼손되기도 한다”면서 “차량 구입만큼이나 선팅 필름 재질에 대해  신중하게 선택해야한다”고 강조했다. 물 세차만으로 광택 유지하는 반영구 코팅 차는 탈수록 아무리 세차를 열심히 해도 빛이 나지 않고 뿌옇게 변한다. 아직도 지하 주차시설이 없는 강남의 아파트에 세워둔 차량은 산성비, 눈, 바람, 제설제 등에 노출되어 있는 시간이 많아 부식은 계속 진행된다. 또한 새똥, 꽃가루 등이 차 표면에 떨어지면 차가 변색되고 자동 세차를 할 때 차 표면에 잔 흠집이 생기기도 한다. 또 시간이 흐르면서 차의 광택도 사라진다. 자동차에 유리막을 입히는 신개념 코팅인 ‘쿼츠 글라스 코팅(Quartz Glass Coating)’은 차 표면에 고경도의 유리막을 형성하는 코팅으로 일명 유리막 코팅으로 불린다. 이 방식에 쓰이는 소재는 일본에서 개발된 최첨단 신소재로 코팅 할 때 페인트 보호는 물론이고 광택도 반영구적으로 유지시킨다. 또한 오염물질의 부착을 근본적으로 방지하고 물 세차만으로도 항상 신차와 같은 광택을 유지시킨다. 쿼츠 글라스 코팅은 기본적으로 친수성을 갖고 있어 세정제 없이 세정이 가능하 고 스프레이 분무만으로 코팅이 가능하므로 넒은 범위를 손쉽게 시공할 수 있다. 특히 스프레이 도장으로 자동차 차체의 구석구석까지 코팅이 가능하다. 노 대표는 “별도의 접착물질 없이 표면에 직접 유리막을 형성하므로 반영구적으로 코 팅효과가 지속될 수 있다”면서“차를 보통 3~5년 정도 탄다고 볼 때 5년 정도는 유지된다”고 설명한다. 이 코팅의 효과로는 정전기 방지 및 표면개선 효과와 먼지, 오염물질 등이 묻는 것을 방지하며 세차나 고속 주행 시에 발생하는 스크래치도 막을 수 있다. 산성비, 새똥, 제설제 등에 의한 변색이나 부식도 방지되며 직사광선으로 인한 페인트 탈색이나 변색도 막을 수 있다. 작업시간은 새 차는 3~4시간, 3년 이내의 중고차는 4~5시간 소요된다. 오전에 맡기는 차는 대게 오후에 찾아갈 수 있다. 비용은 40만원~80원 선으로 차종에 따라 차등이 있다. 문의 차크린 대치점(02)552-9100 압구정점(02)540-5800 이희수리포터naheesoo@dreamwiz.com"
20,주한미국대사 루마썬팅필름 전시관 방문,2010.02.19,5939,-
19,11월 DMB 광고 방송 큐시트 입니다.,2009.11.04,5791,"U KBS를 비롯 7개 채널 422회 광고방송되고 있습니다.

자외선에 강한 루마필름!!

DMB에서 확인하세요!!!"
18,10월 DMB 방송 큐시트 입니다.,2009.10.10,5731,10월 DMB방송 큐시트 입니다.
17,노년시대 신문에 실린 대표이사 인터뷰,2009.10.06,5664,"김우화 미오림복지재단 이사장 
전 재산 사회환원 ‘작은 거인’…“소외된 이웃 돕는 것이 천명”

 [188호] 2009년 09월 25일 (금) 	장한형 기자  janga@nnnews.co.kr

뜻밖의 형 죽음에 ‘천명’ 깨닫고 장애인•노인시설 설립해 
지금껏 50억원 투자… 대학원만 18곳 나온 억척 공부벌레 
“탄탄한 기초 구축, 후손 대대 물려 많은 사람 돕게 할 것” 

한국은 급속한 고령화 속에서 다양한 사회변화를 겪고 있다. 그 가운데 빼놓을 수 없는 것이 노인의 주거변화다. 지난해부터 노인장기요양보험제도가 실시되면서 과거 ‘양로원’으로 불렸던 노인요양시설이 기하급수적으로 늘어났다. 2008년말 현재 전국 노인양로시설은 모두 1332개소. 이곳에 1만8868명의 어르신들이 입소해 있다. 우후죽순 증가하는 노인요양시설에 대한 우려도 높다. 자칫 돈벌이에 급급한 나머지 어르신들에 대한 서비스나 관리는 도외시 될 수 있기 때문이다. 그런데, 오히려 평생 모은 재산을 쏟아 부어 노인요양시설을 세우고 노인복지현장에 뛰어든 이가 있어 관심을 끌고 있다. 경북 문경시 마성면에 자리한 미오림복지재단을 설립한 김우화(62) 이사장이다.


김우화 이사장이 사회복지재단을 설립하고, 노인요양사업에 투신한 것은 안타까운 사건이 전환점이 됐다. 국내 굴지의 공대를 졸업하고 건설회사에서 전기기술자로 일하던 형이 건설현장도 아닌 자택에서 감전으로 세상을 떠난 것. 김 이사장은 당시의 사고를 가슴 절절히 기억하고 있다. “정말 믿기지 않았다. 전기 분야에서 장인 타이틀도 갖고 있던 형이 집에서 감전돼 돌아가셨다는 사실이 믿기지 않았다.” 

너무 허망하고 안타까웠다. 인간사, 모든 일이 하늘의 뜻이라지만 갑작스런 사고에 어안이 벙벙했다. “그렇게 얼마나 지냈을까, 문득 사회에 봉사하라는 뜻이라고 생각해 재단을 설립하게 됐다.” 

‘미오림복지재단’. 그가 현재 가족과 함께 열과 성을 다해 가꾸고 있는 사회복지재단이다. ‘미오림’이란 기적을 뜻하는 ‘미라클’(miracle)과 오리가 숲으로 들어가는 형상, 그리고 ‘드림’(dream)에서 따온 말로, 사회복지학을 공부한 딸 민정(30)씨가 지었다. 

부지는 노후를 보내기 위해 매입한 경북 문경의 11만57000m²(3만5000평) 땅에 마련했다. 하지만 재단설립은 호락호락하지 않았다. 김 이사장은 “지방공무원들과 마찰이 생겼고, 당시 현직 시장이 복지재단을 설립하면서 허가가 되질 않아 행정심판을 청구하는 등 큰 어려움을 겪었다”고 회상했다. 

우여곡절 끝에 2003년 9월 ‘미오림복지재단’의 설립허가를 받았다. 이듬해 2월 경북 문경시 사회복지시설 제1호로 장애인복지시설 ‘친구마을’을 개원했다. 자택에서 홀로 지내던 장애인들이 모여 서로 ‘친구’가 돼 ‘마을’을 이루는 장애인보호작업장이다. 낮에 돌볼 사람이 없는 지역 장애인들을 모아 공동작업을 통해 재활치료를 겸하고, 저녁에 집으로 돌아가는 방식으로 운영되고 있다. 

친구마을에서는 정신지체 장애인과 지도교사 3~4명이 1시간 정도 운동을 하고, 봉투에 풀을 붙이는 작업이나 쇼핑백 만드는 작업을 한다. 하루 100~200원 정도의 수입은 각자 통장에 입금해 준다. 한번은 ‘국가지원을 받아서 장애인들을 착복한다’는 신고가 접수돼 경찰관들이 출동한 적도 있었다. 하지만 사회복지시설의 기능과 필요성을 이해하지 못했던 주민들의 오해는 그리 오래가지 않았다. 

“장애인 가족을 둔 주민들의 대환영은 물론이었고, 집에 가기 싫다며 떼를 쓰는 장애우 아이들을 볼 때마다 참으로 잘 한 일이라는 생각이 들었다.” 

김우화 이사장은 내친김에 노인요양시설도 짓기로 했다. 그래서 세운 곳이 2008년 4월 준공한 ‘봄마을’이다. 입소하는 어르신들께 따뜻한 봄을 느끼게 해 드리고 싶어 붙인 이름이다. 

봄마을의 원장은 아내 이순례(54)씨다. 약대를 나와 20여년 동안 약국을 경영하던 아내는 사회복지사업에 뛰어든 남편의 가장 든든한 후원자다. 남편의 뜻에 동의한 아내는 약국 문을 닫고 일주일에 3일 이상을 문경에 머물며 ‘자원봉사’를 하고 있다. “아내에게 매달 170만원의 월급이 주어지지만, 고스란히 재단운영을 위해 쓰고 있어 ‘자원봉사’라고 하는 것이 옳다.” 

이화여대 대학원에서 사회복지학을 공부하고 현재는 평생대학원 유아학과를 다니고 있는 딸 민정씨의 도움도 크다. 

그런데, 김우화 이사장은 고집스럽게도 정부의 지원을 받지 않는다. “스스로 자생해야 한다”는 원칙을 세웠기 때문이다. 그의 굳은 신념을 아는 지인들이 알음알음 후원을 자청, 현재 700여명의 후원자들이 돕고 있다. 

그렇다고 넉넉한 살림을 기대하기는 어렵다. 매달 2000~3000만원이 적자다. 노인요양시설 ‘봄마을’의 경우 50명 정원에 최근 35명 정도가 생활하고 있다. 지난해부터는 장기요양보험제도가 시행돼 그나마 재단운영이 조금은 나아졌다. 입소 어르신 가운데 1급은 143만원, 2급은 141만원 정도를 장기보험을 통해 지급받아 28명의 직원들에게 임금을 지급하고, 시설운영을 하고 있다. 직원들의 월급이 적으니 당연히 이직률도 높고 구인도 힘들다. 

어려운 살림이 김우화 이사장의 의지를 꺾지는 못했다. 보통 한 방에 6명의 어르신들이 생활하는 것이 국내 요양시설의 관례지만 3명이 들어가도록 설계한 것부터 다르다. 

또 국내 노인요양시설 가운데 최초로 봄마을이 국제표준화규격(ISO) 인증을 얻는다는 방침도 세웠다. 입소 어르신들에게 찬송가를 불러주거나, 아예 직원 합창단을 꾸려 자체 공연도 한다. 격주로 휠체어에 모시고 야외에서 음식과 함께 즐거운 시간을 갖기도 한다. 

김우화 이사장은 “시설과 서비스 측면에서 국내 최고 수준을 유지하는 것이 목표다. 각고의 노력한 끝에 많은 성과를 거두고 있다. 이름만 대면 다 알만한 재벌기업의 장모도 입소해 생활하고 있다”고 귀띔했다. 
하지만, 이왕 시작한 이상 제대로 해보려는 욕심이 그를 재촉하고 있다. 

“미오림복지재단에 쏟아 부은 유형무형의 자산이 대략 50억원쯤 된다. 그런데 셈해보니 앞으로 20억원은 더 들여야 할 것 같다. 지인들은 다들 ‘미친 것 아니냐’는 반응을 보인다. 하지만 두세 명은 참 잘한 일이라고 격려해 위안을 삼고 있다.” 

그는 공부에도 남다른 열정을 갖고 있다. 고려대에서 행정학을 전공하고, 지금까지 모두 18곳의 대학원을 다녔다. 1년에 평균 2곳에 나갔고, 지금도 대학원을 다니고 있다. 

“한 살 두 살 나이를 먹을수록 공부도 못하겠더라. 최고경영자과정에 가면 이제는 고령자에 속해 고문역할을 맡는다. 과거에는 60대가 주력이었지만 최근에는 40•50대가 그 자리를 차지하고 있다.” 

2005~2007년 문경대학에서 아내와 함께 공부해 사회복지사는 2급 자격증을 취득했고, 보육교사는 1급 자격증도 갖고 있다. 공부하는 것이 재미있다는 그는 한 달에 조찬회만 7~8회 나갈 정도로 왕성한 활동을 이어가고 있다. 

그가 사회복지사업을 통해 ‘공부’한 것은 따로 있었다. 바로 ‘빈손으로 왔다 빈손으로 가는 겸허한 마음’이다. 

“죽음이란 룰을 가진 게임은 누구에게나 공평하다. 누구도 예외 없이 적용 받는 것이 죽음이다. 기저귀 차고 나와서 기저귀 차고 가는 것이 인생 아니겠는가.” 

대부분 일평생 열심히 모아 자녀들에게 재산을 물려주고 죽음을 맞이하고 싶어 한다. “빈손으로 왔다 빈손으로 가는 인생, 그리 집착할 일은 아니다”고 말하는 김 이사장은 “7•3법칙을 아느냐”고 질문했다. 

“내가 가진 것의 70%는 남에게 베푸는 것이고, 나머지 30%는 현재 내 위치, 내 분야에서 열심히 일해 남을 돕도록 노력하는 것이 7•3법칙이다.” 

재산을 물려주는 것보다는, 사회복지법인을 후손에 대물림해 보다 많은 사람들을 위해 봉사하는 것이 김우화 이사장이 선택한 ‘7•3법칙’인 셈이다. 

김우화 이사장은 “봉사를 하다보면 큰 보람을 느낀다. 현재 운영하고 있는 장애인보호시설과 노인요양시설 외에 장애인생활시설을 하나 더 마련해 복합적으로 봉사를 하고 싶다. 내가 이 세상에 없더라도 이들 시설이 원활하게 운영될 수 있도록 살아 있는 동안 기초를 다지는 것이 가장 중요한 나의 임무”라고 말했다.

원문보기 링크

http://www.nnnews.co.kr/news/articleView.html?idxno=10515"
16,TBC (대구 경북 방송) 라디오에서 방송되고 있는 루마 광고 입니다.,2009.09.29,5551,"[대구,구미,경북] 99.3Mhz 
[포항,경주] 99.7Mhz 
[안동,영주,문경등 경북 북부] 106.5Mhz 

CM내용

비교를 허락하지 않는다.

루마 자동차 썬팅필름!

이름만 들어도 품질과 자부심이 느껴집니다

차는 달라도 썬팅은 하나!

루마 자동차 썬팅 필름

품질로 인정받은 루마자동차 썬팅 필름

루마공식인증업체에서만 시공하실 수 있습니다.

1577-1887"
15,구미 내일신문 797호 구미송정점 오범철 대표 인터뷰기사,2009.07.14,5781,구미지역의 유력신문인 구미내일신문 797호에 구미송정점 오범철 점주님의 인터뷰 기사가 실렸습니다. 루마썬팅의 특징과 우수성을 지역 소비자들에게 제대로 알린 좋은 내용의 기사입니다. 모쪼록 많은 점주님들과 고객님들의 아낌없는 격려와 성원을 부탁드립니다.
14,루마CF제작 및 DMB광고 On-Air,2009.04.18,5910,세계 최대의 윈도필름 메이커인 미국CPFilms Inc.에서 생산된 세계적인 브랜드 루마필름에서 루마필름 CF를 제작하였으며 자동차와 밀접한 관련이 높은 DMB 매체에 4월16일 부터 광고가 방송된다. 이번에 제작된 루마필름 CF는 올바른 선팅필름 선택을 위한 두 가지의 메세지를 전하고 있다. 자외선과 필름의 선명도가 바로 그것이다. 자외선차단과 선명도는 윈도필름 선택의 가장 중요한 첵크사항이다. 루마필름의 완벽한 자외선차단효과는 오랜 시간이 지나도 그 차단효과가 유지되며 시인성이 높은 선명도는 흐린 날은 물론 야간운전에도 안전을 제공한다. 썬팅필름을 선택하는 소비자들이 이번 광고를 통해 루마필름이 전하는 올바른 필름선택요령으로 언제나 편안하고 안전한 자동차문화가 될 것을 기대한다.
13,2009서울모터쇼 루마 전시참가 소식,2009.04.08,5227,주한미국대사 스티븐스 루마썬팅필름 전시관 방문 관련소식
12,루마체육대회소식,2008.12.05,5539,"부산경남 루마협의회가 주관하고 
부산,경남,울산지역의 루마점 관계자 및 온 가족이 참석한 
""루마가족체육대회""가 
2008년 11월23일 경남양산 해운공원 실내체육관에서 성대하게 열렸다.

이번행사의 대회장이자 루마부산경남협의회 조해식대표는 개회사를 통해 
""모두가 하나""되는 역사적인 순간을 맞이하여 
서로 믿고 따라 준 부산경남 루마점의 전폭적인 신뢰와 지원에 감사하면서,
 이 시대의 진정한 최고의 자리에 설 수 있는 루마점이 될 수 있도록 헌신을 다 할 것을 공포하였다.
루마본사의 김우화ceo는 축사를 통해 
루마발전의 중추적인 역할을 담당해온 이 지역 루마점의 노고를 치하하면서 
어려운 시기일지라도 할 수 있다는 자신감과 
루마브랜드에 대한 자부심을 잃지 말 것을 당부하셨다.

루마본사 임직원 및 관련업계 참관단을 모시고 열린 이번행사는 
가족단위의 다양한 프로그램을 통해 
가장으로서의 역할과 가정의 소중함을 절실하게 깨달았고, 
지역별 체육대회를 통해 루마점간의 결속력을 강화하는 계기가 되었다. 
행사의 막바지인 장기자랑에서는 그동안 숨겨둔 끼를 마음껏 발산하며 
모두가 한 마음되는 즐거움과 기쁨, 감동의 연속이었다.

약 1달간의 준비기간을 거쳐 마련한 이번행사는 
행사일 전까지도 궂은 날씨와 낮은 기온으로 준비위원회가 노심초사 하였지만 
행사당일은 날씨마저 화창하고 포근하여 축복받은 루마가족체육대회가 치러질 수 있었다.

이번 루마가족체육대회를 통해 루마의 결속력과 루마브랜드에 자부심, 
성공적인 사업의 비전을 가짐으로 2008년에 이은 
2009년 루마의 성공을 확신한다."
11,2008 SAS 루마 보도자료,2008.07.14,6221,"고유가 시대 ‘그린 튜닝’ 눈길 [KBS 뉴스 박상범기자] 자동차 튜닝도 에너지 절감이 화두 [YTN 이병식기자] 자동차 튜닝도 에너지 절감이 화두 동영상 기사 보기 [YTN 이병식기자] 루마, 유리 강도 10배 높여주는 필름 선보여 [AVING.net 박찬규 기자] [2008서울오토살롱] 루마필름 ""차량범죄 걱정 마세요"" [지피코리아 김기홍기자] [사진]'2008서울오토살롱 축제 공연' [OSEN(www.osen.co.kr)] [동영상] 2008 서울오토살롱 개막 [디지털데일리 김경태 기자] 익스트림걸즈 인기폭발 ""사인을 받아라!"" [네이션코리아 이청원기자] 인기짱 구지성 토끼소녀로 변신?! [네이션코리아 이청원기자] 익스트림걸즈 황인지의 S라인 [네이션코리아 이청원기자] '호기심 가득한' 표정의 레이싱 모델 [고뉴스 박종각기자] [포토on] 익스트림걸즈가 함께 하는 무대 [세계일보 황재원 객원기자] [서울오토살롱] 익스트림즈걸 팬사인회 열어 [지피코리아 김기홍기자]"
10,루마! 2008서울오토살롱 전시회참가,2008.06.26,5644,"2008 서울오토살롱 전시회 참가관련 보도자료입니다.
[2008 서울오토살롱] 2008.6월
자외선, 열, 돌조각까지 막아주는 차량필름
차와 운전자 보호하는 루마필름, 서울오토살롱에 출품
- 루마필름, 외부 유해물질 차단은 물론 범죄예방효과도 있어

차량용 필름 세계판매 1위인 루마필름(LLumar Film www.llumar.co.kr)이 7월 10일부터 4일간 코엑스 태평양홀에서 열리는 ‘2008 서울오토살롱’에 참가해 태양의 유해광선과 열을 차단하고 안전 및 방범 기능을 강화한 애프터마켓용 자동차 필름제품을 선보인다.

루마필름은 이번 2008 서울오토살롱 전시회에 ‘루마 자동차 썬팅필름’, ‘루마 자동차용 안전/방호 필름’, ‘루마 자동차 외장 보호용 필름’ 등 운전자와 자동차 외장을 보호하는 기능이 있는 필름제품들을 전시하게 된다.

‘루마 자동차 썬팅 필름’은 차량 외부로부터 들어오는 자외선을 차단하고 눈부심 현상을 줄여 운전 피로도를 감소시킨다. 또한, 여름철 차내 온도가 급격히 상승해 냉방 에너지 효율이 떨어지지만, 루마필름은 열차단 기능이 있어 시원한 차내 환경을 만들어 주고, 냉방 소비하는 에너지를 절약함으로써 연비개선의 효과까지 발휘한다.

‘루마 안전/방호 필름’은 차량의 안전을 강화시키는 기능도 있다. 이 제품은 유리비산 방지기능이 있어 자동차 추돌 사고 시 깨진 유리조각에 의한 2차 부상을 최소화 시킨다. 또, 측면 유리창이 쉽게 깨지지 않아 도난범죄 시간을 지연시킨다.

유리창에 부착하는 필름 외에 차량의 흠집발생을 예방하고 표면을 매끄럽게 하는 ‘루마 자동차 외장 보호용 필름’도 선보인다. 고속 주행 시 작은 돌 조각이나 모레로 인해 자동차 표면이나 헤드라이트에 흠집이 생기기 쉬운데 우레탄 재질로 된 루마필름을 부착하게 되면 이를 방지할 수 있다.

ISO9001인증 업체인 루마필름은 침염식 염색법(Deep-Dyeing)의 독보적 기술을 보유하고 있으며 현재 전국 150여 개 전문 시공점에서 시공되고 있다. 


한편, 올해로 6회째를 맞는 2008서울오토살롱은 오는 7월 10일(목)부터 13일(일)까지 4일간, 서울 삼성동 코엑스 1층 태평양 홀에서 열린다. 이번 행사는 국내 최대의 애프터 마켓 및 튜닝 산업 전시회로 150 여 개 업체가 참가해 역대 최대 규모로 진행될 예정이다.

1. 2008 서울오토살롱 

- 명 칭 : 2008 서울오토살롱 (SAS 2008)
  - 기 간 : 2008.7.10(목) - 13(일), 4일간
  - 장 소 : 코엑스 1층 태평양홀
  - 주 최 : 서울오토살롱 조직위원회 
- 주 관 : ㈜서울메쎄 ID, ㈜자동차생활
  - 후 원 : 국토해양부, 한국무역협회, 대한무역투자진흥공사, 교통관리공단, 도로교통공단, 
              자동차공학회, 한국자동차튜닝문화포럼, 한국자동차튜닝연협회, 한국자동차경주협회, 
              ㈜하우스버그, 자동차동호회연합 외 
- 전시품목:
• 차량관련: 슈퍼카 / 튜닝카 / 모터스포츠 / 타이어&휠
• 멀티미디어관련: 카오디오 부품 및 제품 / DMB, 네비게이션, 텔레메틱스 및 관련 IT 제품
• 오토서비스관련: 주유소, 정비소, 중고차 및 관련서비스 외
• 용품/부품관련: 시트 및 매트 / 차량관리 용품 / 외장 용품 / 인테리어 용품 / 차량편의용품 / 청소/세차용품 / DIY용품 / 램프 외
- 부대행사:
해외 튜닝 슈퍼카 전시 / 튜닝카 페스티벌 / 튜닝디자인 컨테스트 / 제6회 레이싱 퀸 선발대회 / 레이싱모델 포토 페스티벌 / 시뮬레이션 게임 컨테스트/ 레이싱카 시승 및 체험대회 / 튜닝 컨퍼런스 및 세미나 외"
9,[AVING News]LLumar 부스 이벤트 행사로 인기몰이,2008.05.08,5078,"LLumar 부스 이벤트 행사로 인기몰이
All Visual Internet News of Goods 오세경 객원기자(aving.net) 관련기사 보러가기 Click!"
8,루마 이벤트 소식,2008.04.02,4965,"세계최고의 윈도필름 브랜드인 루마필름에서 2008부산국제모터쇼 참가와 관련하여 2008루마이벤트를 실시합니다. 이번 이벤트에는 루마회원고객을 대상으로 퀴즈이벤트와 포토제닉 이벤트를 실시하는데 응모자 및 당첨자에게 푸짐한 경품을 제공합니다. 또한 2008부산모터쇼와 함께 할 루마서포터즈를 모집합니다. 루마서포터즈는 남다른 열정과 노력을 가진 다양한 특기를 가진 젊은이들이면 모두 신청이 가능하며 전시회를 통해 새로운 경험과 루마브랜드에 대한 명성을 확인할 수 있습니다. 루마서포터즈로 선발된 회원에게는 다양한 볼거리와 풍성한 기념품을 지급할 예정입니다.
문의 (02)2213-1545"
NOTICE,뉴스2데이 [인물탐구] 루마썬팅 김우화 대표 - 수많은 최초신화로 혁신적 마케팅의 위력 입증,2018.09.25,8488,"[ 인물탐구 ] 루마썬팅 김우화
대표 ② 성과 : 수많은 ‘ 최초
신화 ’ 로 혁신적 마케팅의 위력 입증 수많은 ‘최초 신화’ 쓰면서 시장을 키우고 업계 1 위 굳혀 ( 뉴스투데이 = 김성권 기자 ) 똘아이 , 돈키호테 , 이단아 , 무대뽀 , 엉뚱한 놈 , 정신
나간 놈 등…김우화 씨피에프 (CPF) 루마코리아 회장을 따르는 수많은 수식어들이다 . 루마코리아의 전신인 아코상사도 선팅과는 무관해 보이는 ‘한국의 예술이 되자’는 엉뚱한 발상에서 나왔다 . 이러한 수식어들이 꼬리표처럼 따라 붙을 정도로 김 회장은 선팅 업계에서 수많은
‘최초 신화’를 작성했다 . 그 최초 신화야말로 미약한 후발주자가 시장의 파이 자체를 확대하면서
확고부동한 업계 1 위로 자리매김하는 핵심적인 동력이었다 . 자동차 선팅에 브랜드를 입혔고 , TV 광고를 내보낸 것도 업계 최초였다 . 김 회장은 ‘장사하지 말고 마케팅하라’는 말을 입에 달고 다닌다 . 단순히
물건을 많이 팔아 매출을 올리기보단 물건의 가치를 파는 마케팅 경영이 시장에서의 승패를 좌우한다고 판단한 것이다 . 따라서 루마썬팅이라는 업계 1 위의 기업을 배출한 것 못지않게 혁신적 마케팅의 위력을 입증한
것이 김 회장이 거둔 중요한 성과로 평가된다 . 중략~ 원문보러가기 http://www.news2day.co.kr/111255"
NOTICE,뉴스2데이 [인물탐구] 루마틴팅 김우화 대표 - 썬팅업계를 뒤집은 역발상의 승부사,2018.09.23,8401,"[인물탐구] 루마윈도틴팅 김우화 대표 ① 경력: 삼성전자 나와 썬팅업계를 뒤집은 역발상의 승부사 선팅 산업을 창조한 김우화 회장, 4시간의 인터뷰 통해 삶과 희망 그리고 성공을 논해 (뉴스투데이=김성권 기자) 자동차 운전자에게 차량 선팅은 필수적이지만 으레 자동차 출고 시 딜러가 소비자에게 제공하는 부가적인 서비스에 불과했다. “루마에 가면~”, “거봐~ 루마썬팅하길 잘했지!”라는 TV광고 카피가 등장하기 전까지만 했어도 그랬다. 우리나라 선팅필름 업계 1위 기업인 씨피에프(CPF) 루마코리아의 김우화 회장도 필름의 ‘필’자도 몰랐다고 한다. 김 회장은 자동차에 필름을 바른다는 개념조차 없었던 1990년 초반 덜컥 썬팅필름업계에 뛰어들었다. 이후 업계에서 ‘똘아이’ ‘이단아’ ‘돈키호테’ ‘엉뚱한 놈’ ‘정신 나간 놈’이라는 소리를 들으면서 주목을 받기 시작했다. 동시에 ‘루마썬팅’이라는 브랜드가 대중들에게 각인됐다. 한국에서 자동차 선팅 자체가 산업으로 자리잡은 건 김 회장의 ‘마케팅’에서 비롯됐다. 후발주자로 레드오션 시장에 뛰어들었지만 업계 1위로 올라서는 데는 불과 4년밖에 걸리지 않았다. 그가 ‘마케팅의 신’으로 불리는 이유다. 선팅 필름과는 전혀 무관했던 그가 루마썬팅의 회장까지 올라선 계기는 잘 다니던 삼성전자를 뿌리치고 나와서부터였다. 김 회장은 지난 달 28일 루마코리아 사옥에서 기자와 무려 4시간 동안 인터뷰를 가졌다. 장시간 진행된 인터뷰 내내 지친 모습없이 열정적으로 삶의 역정과 꿈 그리고 성공에 대해 논했다. 김 회장은 일류기업인 삼성전자에서 나와 사업에 뛰어든 이유에 대해 솔직하게 답변했다. “가난에 찌들어 살던 어린 시절 우연히 검은 지프에 탄 국회의원이 지라시를 뿌리는 모습이 멋져보여 국회의원이 되고 싶었다. 국회의원이 되려면 능력이 있거나 돈이 많아야 한다고 생각했고, 우선 돈버는 것을 목표로 삼게 됐다” 중략~ 원문보러가기(뉴스2데이) http://www.news2day.co.kr/110357"
NOTICE,[인터뷰기사] 문화일보 골프와 나에 소개된 루마코리아 김우화 대표이사,2018.01.23,8684,"문화일보, 스포츠 - 골프와 나에 소개된 루마코리아 김우화 대표이사 ‘ 선팅 神話 ’ 처럼 5 년만에 언더파 … “ 빈스윙 체크가 실력향상 비결 ” 건강 위해 30 代 초반 골프 시작 독학 1 년여 만에 70 대 打 진입 홀인원 지금까지 4 차례나 경험 KPGA 시니어투어 5 년 후원도 자동차 선팅에 첫 브랜드 도입 연 15 만대 … 27 년간 정상 유지 私財 로 복지재단 15 년째 운영 “ 골프도 일도 똑소리 나야 정상 ” ‘ 루마썬팅 ’ 신화를 일군 김우화 (71) 씨피에프 루마코리아 ㈜ 회장은 마케팅 전도사다 . 2015 년 펴낸 저서 ‘ 나는 어떻게 1 등 브랜드를 만들었는가 ’ 를 통해 “ 개성상인들이 장사는 잘했지만 , 삼성전자나 현대자동차가 될 수 없었던 것은 장사와 마케팅의 차이에서 찾을 수 있다 ” 며 장사하지 말고 마케팅하라는 메시지를 전달하고 있다 . 김 회장은 최근 경기 하남시에 새 사옥을 마련하고 제 2 의 도약을 선언했다 . 새 사옥은 서울 강동구 올림픽공원과 하남시 초입의 외부순환도로 진입로를 지척에 두고 있다 . 지난 6 일 새 사옥 집무실에서 만난 김 회장은 “ 매년 신년은 경북 문경의 미오림 복지재단에서 시작한다 ” 고 귀띔했다 . 신년 사업 구상 발표와 함께 전국 9 개 루마 총판이 마련한 ‘ 사랑의 기금 ’ 전달식 , 그리고 복지재단 시설 견학을 진행했다 . 미오림 복지재단은 김 회장이 나눔을 실천하기 위해 2003 년 9 월 사재를 털어 설립했다 . 김 회장은 노인들을 위한 안락한 요양시설 , 사회 적응이 어려운 장애인을 위한 사회복지사업을 15 년째 펼치고 있다 . 김 회장의 골프 구력은 40 년 가까이 된다 . 김 회장은 삼성전자에 재직하던 1980 년 골프채를 처음 잡았다 . 비즈니스가 아닌 몸 관리를 위해서 골프에 입문했다 . 30 대 초반부터 건강에 신경 쓴 건 1973 년 수술 때문 . 병원에서 쓸개에 이상이 생겼다는 진단을 받았다 . 발병 원인도 몰랐다 . 담석이 생긴 것도 아닌데 구멍이 났고 검사를 해도 뚜렷한 원인을 알 수 없었던 것 . 김 회장은 “ 병명을 찾아내기 힘들었던 시절이었는데 , 참 운이 좋았다 ” 고 말했다 . 김 회장이 해온 모든 일이 그렇듯이 골프 역시 똑소리가 났다 . 골프 구력 5 년이 안 돼 4 언더파 68 타라는 놀라운 스코어를 남겼다 . 실력이 아깝다며 클럽챔피언전이나 아마고수대회에 참가하라는 권유를 많이 받았지만 다 뿌리쳤다 . 김 회장은 “ 골프는 건강을 위해서 하는 운동 ” 이라며 “ 딴생각을 하게 되면 건강에 도움이 되는 운동이 아닌 도구가 된다 ” 고 설명했다 . 원문보러가기 http://sports.news.naver.com/golf/news/read.nhn?oid=021&aid=0002339775"
7,루마필름!! 2007한국건축산업대전 전시회참가,2007.10.15,5373,"건축의 진화, 건축속의 사람""""이라는 주제로 열린 
2007한국건축산업대전에 루마필름이 참가하였습니다..

건축최고전문가인 건축사들의 단체인 대한건축사협회가 주최하는 
국내유일의 건축전문산업전시회에 참여함으로써 
명실상부한 명품으로의 면모를 유감없이 보여드렸습니다.

자동차용 윈도필름의 명성 그대로 이번 전시회에 참여함으로써
건축용 시장에 교두보를 마련하였습니다.

이젠 건축용필름도 루마필름입니다.
성원에 감사드립니다."
6,명품썬팅!! 루마 여름휴가 이벤트,2007.07.25,5463,"세계적인 품질의 루마윈도필름은 루마필름 전문시공점 110호점 돌파를 기념해 
멤버십 고객을 위한 여름휴가 이벤트를 실시한다.
루마윈도필름으로 시공한 고객을 대상으로
루마홈페이지에서 회원으로 가입한 고객 중 
추첨을 통해 무료민박 숙박권과 사은품을 선물하며
루마홈페이지를 통해 신청을 받을 예정이다.

자세한 내용은 루마홈페이지(www.llumar.co.kr) 공지사항 참고"
5,2007LLumar Annual Conference/루마! 제2도약선언,2007.01.19,5825,"국내최대 윈도우틴팅 전문업체인 루마썬팅필름(씨피에프코리아)은 지난 1월9일 서울올림픽파크텔에서 '2007루마전문점 전국모임/LLumar Annual Conference'을 개최하였습니다

본 행사는 루마썬팅필름협력업체관계자와 전국 루마점 점장 등이 참석하였으며, 루마점의 사명선서에 이어 2006년 사업결산보고,  2006루마시상/LLumar AWARDS 2006, 2007년 사업추진설명회와 함께 2007비전선포식이 열렸습니다.

2006년 주요사업실적으로 인터넷마케팅활성화를 위한 전국 루마점 통합 홈페이지시스템 구축, 
유사품방지와 품질관리를 위한 지능형 필름인식마크 도입, 
업계최초 인터넷보증인증제 실시를 들 수 있습니다. 
특히 인터넷보증인증제는 유사품의 불법유통차단과 엄격한 품질관리가 가능해졌으며  
고객관리를 통해 고객신뢰를 높여주는 선진화된 경영기법으로 고객에게 다가가고 있습니다.  
특히 2006년에는 부산국제모토쇼와 국내최대 튜닝전시회인 서울오토살롱 등 8건의 
자동차전시회 참가와 각종 매체를 이용한 광고 선전활동이 있었습니다.

2007년 사업추진설명에서는 루마1개 지점당 1일시공2대, 1일매출30을 달성하자는 의미의 
작전명 '루비1230/(루비는 루마의 비전 줄임말)'의 루마비전 선포식과 함께 
2007년 주요행사와 일정에 대한 내용이 발표되었습니다.
2007년 주요일정으로는 자동차전시회참가와 신상품런칭을 위한 
루마필름체험단 모집과 같은 고객참여 이벤트를 실시할 예정입니다.

본 행사에서 김우화사장님은 기념사를 통해 2007년을 도약과 성장의 원년으로 삼고 
본사와 루마점간의 유기적인 업무협조를 통해 가치와 품격이 있는 조직, 
신뢰와 화합하는 조직을 만들어 고객만족을 실천하기 위해 변화와 혁신을 실천해 나갈것을 
당부하셨습니다.
한편 행사에 참여한 전국루마점대표 조병식점장(대전 중구점)은 축사에서 
제2의 전성기를 맞이하고 있는 루마는 본사와 전문점간 신뢰와 협조를 바탕으로 
공동운명체라는 인식과 함께 윈윈전략으로 함께 나아갈 것을 다짐하였습니다.

루마필름은 세계최대의 윈도우필름 제조원인 미국 씨피필름사의 윈도우필름 브랜드이며 
국내에는 2002년 루마한국총판인 씨피에프코리아를 통해 처음 선 보였으며 
국내최초로 썬팅전문점시대의 장을 열어 전문화되고 차별화된 서비스로 
국내최고의 썬팅브랜드로 힘차게 도약하고 있습니다.

루마필름은 2002년 1월 국내최초 서울에 1호점을 시작한 이래 최근에 대전서구갈마점 개설을 즈음하여 현재 서울 11개점, 경기 14개점, 충청강원권 14개점, 전남북 제주권 16개점, 부산경남권 20개점, 대구경북권 19개점 등 총 94개 루마지정 썬팅전문점을 개설하여 운영하고 있으며 썬팅업계의 새로운 블루오션의 장을 열어가고 있습니다.
전국에 구축된 인프라를 기반으로 루마점의 매출극대화를 위한 다양한 프로그램으로 
사업영역을 확대하여 루마점에게 보다 다양한 사업기회를 제공하고자 노력하고 있으며, 
루마전문점의 전산화작업과 홈페이지제공, 인터넷보증시스템 등 각종 특화된 첨단 서비스를 
제공함으로써 성공을 위한 비즈니스파트너로서의 역할을 다하고 있습니다.
또한 고객만족을 뛰어넘어 고객감동을 실천하고 올바른 사업문화의 정착을 위하여 
내부감찰시스템을 도입실시하여 소비자 피해방지와 루마점의 권익보호, 건전시장육성을 위한 
역할을 충실히 수행하고 있습니다.

루마전문점의 주요 취급 제품으로는 세계최고품질의 하이테크놀로지의 매스티지 루마스타, 
나노테크놀로지의 윈쿨 앤 피너쿨, 슈퍼테크놀로지의 럭셔리 슈퍼럭스, 여성운전자를 위한 여성전용 센스퀸, 안전보안용 루마매그넘 이 있으며,  다양한 제품군으로 고객의 니즈를 충족시키고 있습니다.

제2의 도약을 선언한 루마필름!!

무궁한 발전을 기원합니다.
감사합니다."
4,군산국제자동차엑스포참가,2006.09.24,5285,"세계적인 품질의 루마필름이 2006군산국제자동차엑스포에 전시참가하였습니다.
전시회를 관람해주신 고객님께 감사드립니다."
3,자동차신문광고,2006.09.21,5692,한경자동차신문광고(9단)
2,한경자동차신문 기사안내,2006.08.26,5393,한경자동차 신문기사 보러가기
1,매일경제TV 인터뷰,2006.08.26,4907,매일경제TV 인터뷰 스틸컷
